ONTOLOGY	ID	Description	GeneRatio	BgRatio	pvalue	p.adjust	qvalue	geneID	Count
BP	GO:0002183	cytoplasmic translational initiation	17/399	44/18888	9.65216013390619e-18	3.59542964988006e-14	3.14762022050962e-14	EIF3A/EIF3C/EIF3L/EIF3B/EIF3E/EIF3D/EIF3F/EIF4G1/EIF4A2/EIF3I/EIF3H/EIF3M/EIF2S3/EIF3K/NCBP1/EIF2B4/EIF2B3	17
BP	GO:0001732	formation of cytoplasmic translation initiation complex	11/399	15/18888	4.12684095988486e-16	7.68624128778555e-13	6.72892278617015e-13	EIF3A/EIF3C/EIF3L/EIF3B/EIF3E/EIF3D/EIF3F/EIF3I/EIF3H/EIF3M/EIF3K	11
BP	GO:0071826	protein-RNA complex organization	31/399	244/18888	1.04164091232404e-15	1.29337079946901e-12	1.1322819460982e-12	TRIM21/VCP/HSP90AA1/EIF3A/RUVBL1/EIF3C/EIF3L/EIF3B/EIF3E/PRMT5/EIF3D/EIF3F/EIF3I/EIF3H/EIF3M/GEMIN5/TGS1/RPSA/SNRPB2/CRNKL1/AGO3/DHX30/EIF2S3/EIF3K/WDR77/NCBP1/SNRPD1/SART3/FAF2/CPSF6/SF1	31
BP	GO:0006417	regulation of translation	40/399	451/18888	1.72615094834456e-14	1.60747807064588e-11	1.40726727315038e-11	EPRS1/THBS1/CNOT1/EIF3C/EIF3B/EIF3E/RACK1/EIF3D/LARP1/APP/EIF4G1/EIF4A2/UPF1/DDX3X/EIF3H/CYFIP1/ELP1/CALR/CNOT9/GEMIN5/CNOT3/AJUBA/PTCD3/AGO3/EIF3K/NCBP1/TIA1/PRMT1/CNOT11/CNOT2/CNOT6L/EIF2B4/MRPS27/CAPRIN1/CNOT6/CNOT8/GIGYF2/LARP4B/LIMD1/PURA	40
BP	GO:0006418	tRNA aminoacylation for protein translation	14/399	41/18888	5.89764752545075e-14	4.39374740646081e-11	3.84650779659925e-11	EPRS1/RARS1/DARS1/IARS1/QARS1/KARS1/MARS1/LARS1/TARS1/TARS3/GARS1/NARS1/HARS1/TARS2	14
BP	GO:0022618	protein-RNA complex assembly	28/399	234/18888	1.21474832873558e-13	7.54156254090007e-11	6.60226372354883e-11	HSP90AA1/EIF3A/RUVBL1/EIF3C/EIF3L/EIF3B/EIF3E/PRMT5/EIF3D/EIF3F/EIF3I/EIF3H/EIF3M/GEMIN5/TGS1/RPSA/SNRPB2/CRNKL1/AGO3/DHX30/EIF2S3/EIF3K/WDR77/NCBP1/SNRPD1/SART3/CPSF6/SF1	28
BP	GO:0006413	translational initiation	21/399	124/18888	1.59372346448965e-13	8.45653205669295e-11	7.40327412550612e-11	EIF3A/EIF3C/EIF3L/EIF3B/EIF3E/EIF3D/EIF3F/LARP1/EIF4G1/EIF4A2/EIF3I/DDX3X/EIF3H/EIF3M/EIF2S3/EIF3K/NCBP1/RPS17/EIF2B4/GIGYF2/EIF2B3	21
BP	GO:0043039	tRNA aminoacylation	14/399	44/18888	1.81616795848439e-13	8.45653205669295e-11	7.40327412550612e-11	EPRS1/RARS1/DARS1/IARS1/QARS1/KARS1/MARS1/LARS1/TARS1/TARS3/GARS1/NARS1/HARS1/TARS2	14
BP	GO:0043038	amino acid activation	14/399	45/18888	2.58624049369035e-13	1.07041620433295e-10	9.37096263093885e-11	EPRS1/RARS1/DARS1/IARS1/QARS1/KARS1/MARS1/LARS1/TARS1/TARS3/GARS1/NARS1/HARS1/TARS2	14
BP	GO:0032543	mitochondrial translation	20/399	130/18888	3.89563742883801e-12	1.45112494224216e-09	1.27038786889896e-09	MRPL38/MRPL19/GARS1/PTCD3/MRPL17/MRPL39/MRPS23/HARS1/MRPS27/MRPS34/MRPS9/MRPL1/MRPL16/MRPL18/MRPL2/MRPL30/MRPL43/MRPL44/MRPS18A/TARS2	20
BP	GO:0002181	cytoplasmic translation	21/399	160/18888	2.56258559365755e-11	8.67784666943125e-09	7.59702408531205e-09	EIF3A/EIF3C/EIF3L/EIF3B/EIF3E/RACK1/EIF3D/EIF3F/EIF4G1/EIF4A2/EIF3I/RPS20/EIF3H/EIF3M/RPSA/EIF2S3/EIF3K/NCBP1/RPS17/EIF2B4/EIF2B3	21
BP	GO:0022613	ribonucleoprotein complex biogenesis	36/399	499/18888	1.46199719557776e-10	4.53828296127264e-08	3.97304150166659e-08	HSP90AA1/EIF3A/RUVBL1/EIF3C/EIF3L/EIF3B/EIF3E/PRMT5/EIF3D/EIF3F/EIF3I/DDX3X/EIF3H/EIF3M/MTREX/GEMIN5/TGS1/RPSA/SNRPB2/CRNKL1/AGO3/DHX30/EIF2S3/EIF3K/WDR77/NCBP1/NUP88/DDX27/LAS1L/SNRPD1/SART3/RPS17/XPO1/NOL11/CPSF6/SF1	36
BP	GO:0140053	mitochondrial gene expression	20/399	164/18888	2.93816202299842e-10	8.41896425820702e-08	7.37038538238795e-08	MRPL38/MRPL19/GARS1/PTCD3/MRPL17/MRPL39/MRPS23/HARS1/MRPS27/MRPS34/MRPS9/MRPL1/MRPL16/MRPL18/MRPL2/MRPL30/MRPL43/MRPL44/MRPS18A/TARS2	20
BP	GO:0006888	endoplasmic reticulum to Golgi vesicle-mediated transport	18/399	132/18888	3.64468570664965e-10	9.69746732662138e-08	8.48965136782e-08	VCP/SEC16A/TFG/P4HB/COPG1/SEC23A/COPB1/SEC24C/SEC31A/SEC13/PPP6C/ARCN1/SEC16B/SEC24A/SEC24B/MIA3/COPE/TRIP11	18
BP	GO:0006457	protein folding	23/399	225/18888	4.82332310269661e-10	1.19779190383633e-07	1.04860736646695e-07	HSP90B1/HSP90AA1/P4HB/HSPA6/TCP1/PRDX4/UGGT1/CCT8/DNAJC10/CCT4/KHSRP/CCT2/LTBP4/HSP90AB2P/PDIA6/CALR/DNAJA1/UNC45A/BAG4/CCDC47/PPIB/ERP29/PPIA	23
BP	GO:0090114	COPII-coated vesicle budding	11/399	44/18888	1.33681426801244e-09	3.11227071771646e-07	2.72463855414641e-07	SEC16A/TFG/SEC23A/SEC24C/SEC31A/SEC13/PPP6C/SEC16B/SEC24A/SEC24B/MIA3	11
BP	GO:0048193	Golgi vesicle transport	25/399	294/18888	3.99030681240899e-09	8.74346639777852e-07	7.65447090083161e-07	VCP/SEC16A/TFG/MYO1B/P4HB/EPS15/COPG1/SEC23A/COPB1/RACK1/SEC24C/SEC31A/SEC13/PPP6C/MACF1/ARCN1/SEC16B/ANKFY1/SEC24A/SEC24B/MIA3/ARFGAP3/COPE/ACSL3/TRIP11	25
BP	GO:0000289	nuclear-transcribed mRNA poly(A) tail shortening	9/399	32/18888	1.39702906690669e-08	2.89107404123745e-06	2.53099184168241e-06	TNKS1BP1/CNOT1/CNOT9/CNOT3/CNOT11/CNOT2/CNOT6L/CNOT6/CNOT8	9
BP	GO:0090110	COPII-coated vesicle cargo loading	7/399	16/18888	1.7292097214635e-08	3.39016116444819e-06	2.9679178488055e-06	SEC23A/SEC24C/SEC31A/SEC13/SEC24A/SEC24B/MIA3	7
BP	GO:0016032	viral process	29/399	428/18888	3.84027425387971e-08	7.15251079785096e-06	6.26166823079965e-06	TRIM21/VCP/P4HB/EIF3A/EIF3L/EPS15/EIF3B/EIF3D/EIF3F/LARP1/TFRC/KPNA6/DDX3X/TRIM28/LTF/RPSA/KPNA3/AXL/LDLR/TRIM5/ZC3HAV1/PRMT1/APOBEC3B/STAU1/PPIB/CSNK2B/CTSB/CAV1/PPIA	29
BP	GO:1903311	regulation of mRNA metabolic process	28/399	404/18888	4.11977186958987e-08	7.30769057820107e-06	6.39752042706236e-06	VIM/TNKS1BP1/CNOT1/KHSRP/PRMT5/LARP1/UPF1/CDK11B/CNOT9/CNOT3/MAGOHB/ZC3HAV1/WDR77/NCBP1/TIA1/TRAF2/BAG4/CNOT11/CNOT2/CNOT6L/TRA2A/CAPRIN1/CNOT6/CNOT8/DYRK1A/GIGYF2/LARP4B/SF1	28
BP	GO:0006403	RNA localization	19/399	200/18888	5.23734682036771e-08	8.86778041175896e-06	7.76330165047807e-06	TCP1/RUVBL1/CCT8/CCT4/KHSRP/CCT2/NUP155/SEC13/UPF1/AKAP8L/MAGOHB/NCBP1/NUP88/FYTTD1/STAU1/XPO1/NUP133/MRPL18/CPSF6	19
BP	GO:0006520	amino acid metabolic process	23/399	295/18888	8.40704228516588e-08	1.36157532661926e-05	1.19199162468851e-05	CAD/EPRS1/RARS1/DARS1/IARS1/QARS1/KARS1/MARS1/LARS1/P4HB/TARS1/TARS3/SLC25A12/GFPT1/GARS1/NARS1/HARS1/P4HA1/ACAT1/CTPS2/CTPS1/PYCR1/TARS2	23
BP	GO:0034504	protein localization to nucleus	23/399	311/18888	2.17819930507806e-07	3.38074683808991e-05	2.95967607330344e-05	HSP90AA1/CTNNA1/TCP1/CCT8/CCT4/YWHAE/CCT2/NUP155/KPNA1/TFRC/KPNA6/MAGED1/SEC13/SQSTM1/TRIM28/CALR/KPNA3/NUP88/RANGAP1/XPO1/NUP133/IPO9/TOR1AIP1	23
BP	GO:0006900	vesicle budding from membrane	12/399	86/18888	2.50295674919229e-07	3.72940555629652e-05	3.26490947747273e-05	SEC16A/TFG/SEC23A/SEC24C/SEC31A/SEC13/PPP6C/SEC16B/SEC24A/SEC24B/MIA3/ARFGAP3	12
BP	GO:0019058	viral life cycle	23/399	319/18888	3.41945204051805e-07	4.89902263497297e-05	4.28885118280361e-05	TRIM21/VCP/P4HB/EPS15/LARP1/TFRC/KPNA6/DDX3X/TRIM28/LTF/RPSA/KPNA3/AXL/LDLR/TRIM5/ZC3HAV1/APOBEC3B/STAU1/PPIB/CSNK2B/CTSB/CAV1/PPIA	23
BP	GO:0000956	nuclear-transcribed mRNA catabolic process	14/399	126/18888	4.52465867488359e-07	6.24235317183014e-05	5.46487039952802e-05	TNKS1BP1/CNOT1/EIF3E/UPF1/CNOT9/CNOT3/MAGOHB/NCBP1/CNOT11/CNOT2/CNOT6L/CAPRIN1/CNOT6/CNOT8	14
BP	GO:0006913	nucleocytoplasmic transport	23/399	333/18888	7.2556823312885e-07	9.31979885656885e-05	8.15902136563767e-05	HSP90AA1/YWHAE/NUP155/KPNA1/KPNA6/SEC13/UPF1/SQSTM1/TRIM28/AKAP8L/CALR/KPNA3/MAGOHB/ANP32A/NCBP1/NUP88/RANGAP1/FYTTD1/XPO1/NUP133/CPSF6/IPO9/PTPN14	23
BP	GO:0051169	nuclear transport	23/399	333/18888	7.2556823312885e-07	9.31979885656885e-05	8.15902136563767e-05	HSP90AA1/YWHAE/NUP155/KPNA1/KPNA6/SEC13/UPF1/SQSTM1/TRIM28/AKAP8L/CALR/KPNA3/MAGOHB/ANP32A/NCBP1/NUP88/RANGAP1/FYTTD1/XPO1/NUP133/CPSF6/IPO9/PTPN14	23
BP	GO:0034976	response to endoplasmic reticulum stress	20/399	269/18888	1.24714554069477e-06	0.000154853904636267	0.000135566908248154	VCP/SEC16A/HSP90B1/THBS1/P4HB/UGGT1/DNAJC10/RACK1/EIF4G1/PDIA6/DDX3X/CALR/ERLIN1/TRAF2/CCDC47/FAF2/PPP2CB/TMEM33/CAV1/ERP29	20
BP	GO:0000288	nuclear-transcribed mRNA catabolic process, deadenylation-dependent decay	10/399	67/18888	1.34100224934915e-06	0.000161136560607277	0.000141067061748172	TNKS1BP1/CNOT1/CNOT9/CNOT3/CNOT11/CNOT2/CNOT6L/CAPRIN1/CNOT6/CNOT8	10
BP	GO:0006402	mRNA catabolic process	23/399	348/18888	1.54807821456862e-06	0.000180205979664628	0.000157761391734657	VIM/TNKS1BP1/CNOT1/KHSRP/EIF3E/LARP1/UPF1/CNOT9/RNH1/CNOT3/AGO3/MAGOHB/ZC3HAV1/NCBP1/TRAF2/CNOT11/CNOT2/CNOT6L/CAPRIN1/CNOT6/CNOT8/GIGYF2/LARP4B	23
BP	GO:0009408	response to heat	12/399	104/18888	2.0107338653509e-06	0.000226969201467639	0.000198700271606286	VCP/THBS1/HSP90AA1/HSPA6/YWHAE/HSP90AB2P/DNAJA1/IRAK1/EIF2B4/HDAC2/RBBP7/EIF2B3	12
BP	GO:1903900	regulation of viral life cycle	14/399	143/18888	2.10890354894345e-06	0.000231048991759245	0.000202271925530242	TRIM21/P4HB/LARP1/KPNA6/DDX3X/TRIM28/LTF/AXL/TRIM5/ZC3HAV1/APOBEC3B/STAU1/CSNK2B/PPIA	14
BP	GO:0043254	regulation of protein-containing complex assembly	25/399	418/18888	3.3011665443889e-06	0.000351338439367104	0.000307579367053137	TUBB4A/SPTAN1/VCP/HSP90AA1/CTTN/CAPZA1/CAPZB/RACK1/RDX/SNX9/EIF4G1/TFRC/CAND1/SPTBN2/DDX3X/CAPZA2/CYFIP1/AJUBA/KANK2/UNC13B/TRAF2/BAG4/FARP2/DYRK1A/PEX5	25
BP	GO:1903313	positive regulation of mRNA metabolic process	18/399	240/18888	3.75735437358674e-06	0.000388781806711406	0.000340359176882214	TNKS1BP1/CNOT1/KHSRP/PRMT5/UPF1/CNOT9/CNOT3/ZC3HAV1/WDR77/NCBP1/CNOT11/CNOT2/CNOT6L/TRA2A/CAPRIN1/CNOT6/CNOT8/GIGYF2	18
BP	GO:0006401	RNA catabolic process	24/399	404/18888	5.8240035310387e-06	0.000573912077760918	0.000502431541336157	VIM/TNKS1BP1/CNOT1/KHSRP/EIF3E/LARP1/UPF1/CNOT9/MTREX/RNH1/CNOT3/AGO3/MAGOHB/ZC3HAV1/NCBP1/TRAF2/CNOT11/CNOT2/CNOT6L/CAPRIN1/CNOT6/CNOT8/GIGYF2/LARP4B	24
BP	GO:0035459	vesicle cargo loading	7/399	34/18888	5.85467354494359e-06	0.000573912077760918	0.000502431541336157	SEC23A/SEC24C/SEC31A/SEC13/SEC24A/SEC24B/MIA3	7
BP	GO:0006399	tRNA metabolic process	16/399	202/18888	6.50612786535418e-06	0.000621418623037034	0.000544021164018009	EPRS1/RARS1/DARS1/IARS1/QARS1/KARS1/MARS1/LARS1/TARS1/TARS3/ELP1/GARS1/WDR6/NARS1/HARS1/TARS2	16
BP	GO:0017148	negative regulation of translation	16/399	206/18888	8.34769798208463e-06	0.000777379374581631	0.000680557061802584	EPRS1/CNOT1/EIF3E/RACK1/LARP1/EIF4G1/DDX3X/CALR/CNOT9/AJUBA/AGO3/TIA1/CAPRIN1/GIGYF2/LIMD1/PURA	16
BP	GO:1901224	positive regulation of non-canonical NF-kappaB signal transduction	9/399	66/18888	9.77834247892303e-06	0.00088839818863386	0.000777748523740784	VCP/ACTN4/APP/RBCK1/DDX3X/CALR/AGO3/TRIP6/PDCD4	9
BP	GO:0033147	negative regulation of intracellular estrogen receptor signaling pathway	5/399	15/18888	1.03461021087861e-05	0.00089626117105182	0.000784632174614917	CNOT1/CNOT9/KANK2/CNOT2/STRN3	5
BP	GO:1904874	positive regulation of telomerase RNA localization to Cajal body	5/399	15/18888	1.03461021087861e-05	0.00089626117105182	0.000784632174614917	TCP1/RUVBL1/CCT8/CCT4/CCT2	5
BP	GO:0006446	regulation of translational initiation	10/399	84/18888	1.08542700629027e-05	0.000917805641290338	0.000803493289075935	EIF3B/EIF3E/LARP1/EIF4G1/EIF4A2/DDX3X/EIF3H/EIF3K/NCBP1/GIGYF2	10
BP	GO:0034605	cellular response to heat	9/399	67/18888	1.10875849283396e-05	0.000917805641290338	0.000803493289075935	VCP/THBS1/HSP90AA1/HSPA6/YWHAE/HSP90AB2P/IRAK1/HDAC2/RBBP7	9
BP	GO:0050792	regulation of viral process	14/399	168/18888	1.38121634705013e-05	0.00111848497668733	0.000979178087679933	TRIM21/P4HB/LARP1/KPNA6/DDX3X/TRIM28/LTF/AXL/TRIM5/ZC3HAV1/APOBEC3B/STAU1/CSNK2B/PPIA	14
BP	GO:0061013	regulation of mRNA catabolic process	19/399	290/18888	1.42435144662292e-05	0.00112887428482348	0.000988273411341052	VIM/TNKS1BP1/CNOT1/KHSRP/LARP1/UPF1/CNOT9/CNOT3/MAGOHB/ZC3HAV1/TRAF2/CNOT11/CNOT2/CNOT6L/CAPRIN1/CNOT6/CNOT8/GIGYF2/LARP4B	19
BP	GO:0021987	cerebral cortex development	12/399	127/18888	1.61780190317622e-05	0.00125548168527738	0.0010991119070263	TUBB2A/TUBB2B/TUBA1A/NEFL/CTNNB1/YWHAE/CDH2/PALS1/NARS1/LRP8/MBOAT7/PEX5	12
BP	GO:0051168	nuclear export	14/399	171/18888	1.68814729047418e-05	0.00128333646061557	0.00112349738042728	YWHAE/NUP155/UPF1/AKAP8L/CALR/MAGOHB/NCBP1/NUP88/RANGAP1/FYTTD1/XPO1/NUP133/CPSF6/PTPN14	14
BP	GO:0031331	positive regulation of cellular catabolic process	24/399	432/18888	1.77303304842918e-05	0.00132090962107974	0.00115639081769128	TNKS1BP1/TRIM21/CNOT1/KHSRP/LARP1/SNX9/APP/UPF1/FYCO1/SQSTM1/CNOT9/CNOT3/PHKG2/TRIM5/ZC3HAV1/CNOT11/CNOT2/CNOT6L/SUPT5H/CAPRIN1/CNOT6/CNOT8/GIGYF2/PACSIN3	24
BP	GO:0006406	mRNA export from nucleus	9/399	72/18888	2.01124676774559e-05	0.00146899886467693	0.00128603560092381	NUP155/UPF1/AKAP8L/MAGOHB/NCBP1/NUP88/FYTTD1/XPO1/NUP133	9
BP	GO:0006405	RNA export from nucleus	10/399	93/18888	2.68381224124691e-05	0.00192253857666245	0.00168308710999655	NUP155/UPF1/AKAP8L/MAGOHB/NCBP1/NUP88/FYTTD1/XPO1/NUP133/CPSF6	10
BP	GO:1904872	regulation of telomerase RNA localization to Cajal body	5/399	18/18888	2.80134477786534e-05	0.00196886967878272	0.00172364769053165	TCP1/RUVBL1/CCT8/CCT4/CCT2	5
BP	GO:0038061	non-canonical NF-kappaB signal transduction	12/399	135/18888	2.9908602109598e-05	0.00206313968256023	0.00180617640030282	VCP/ACTN4/APP/RBCK1/DDX3X/CALR/AGO3/TRAF2/TRIP6/NFKB2/PDCD4/CYLD	12
BP	GO:0051099	positive regulation of binding	11/399	115/18888	3.24354285914586e-05	0.0021967631182397	0.00192315708662849	LRP1/TRIM21/EIF3C/EIF3E/USP9X/EIF3D/APP/EIF4G1/NCBP1/NME1/PPP2CB	11
BP	GO:0007044	cell-substrate junction assembly	10/399	96/18888	3.54254065378808e-05	0.00226482114047638	0.00198273850743789	THBS1/ACTN1/CTTN/DST/PTK2/MACF1/LAMC1/AJUBA/TLN1/TRIP6	10
BP	GO:1904851	positive regulation of establishment of protein localization to telomere	4/399	10/18888	3.72439715658031e-05	0.00226482114047638	0.00198273850743789	TCP1/CCT8/CCT4/CCT2	4
BP	GO:0090670	RNA localization to Cajal body	5/399	19/18888	3.73612529143319e-05	0.00226482114047638	0.00198273850743789	TCP1/RUVBL1/CCT8/CCT4/CCT2	5
BP	GO:0090671	telomerase RNA localization to Cajal body	5/399	19/18888	3.73612529143319e-05	0.00226482114047638	0.00198273850743789	TCP1/RUVBL1/CCT8/CCT4/CCT2	5
BP	GO:0090672	telomerase RNA localization	5/399	19/18888	3.73612529143319e-05	0.00226482114047638	0.00198273850743789	TCP1/RUVBL1/CCT8/CCT4/CCT2	5
BP	GO:0090685	RNA localization to nucleus	5/399	19/18888	3.73612529143319e-05	0.00226482114047638	0.00198273850743789	TCP1/RUVBL1/CCT8/CCT4/CCT2	5
BP	GO:0034329	cell junction assembly	24/399	453/18888	3.8075471615765e-05	0.00226482114047638	0.00198273850743789	THBS1/ACTN1/CTNNB1/CTNNA1/AGRN/CTTN/CAPZA1/APP/EIF4G1/LRP4/SPTBN2/DST/PTK2/CDH2/MACF1/LAMC1/STRN/AJUBA/TLN1/PTPN13/PKP4/TRIP6/CDH6/CAV1	24
BP	GO:0050657	nucleic acid transport	13/399	161/18888	3.89123632189231e-05	0.00226482114047638	0.00198273850743789	KHSRP/NUP155/SEC13/UPF1/AKAP8L/MAGOHB/NCBP1/NUP88/FYTTD1/XPO1/NUP133/MRPL18/CPSF6	13
BP	GO:0050658	RNA transport	13/399	161/18888	3.89123632189231e-05	0.00226482114047638	0.00198273850743789	KHSRP/NUP155/SEC13/UPF1/AKAP8L/MAGOHB/NCBP1/NUP88/FYTTD1/XPO1/NUP133/MRPL18/CPSF6	13
BP	GO:0034249	negative regulation of amide metabolic process	16/399	234/18888	4.03754807778625e-05	0.00231382562919289	0.00202563950526021	EPRS1/CNOT1/EIF3E/RACK1/LARP1/EIF4G1/DDX3X/CALR/CNOT9/AJUBA/AGO3/TIA1/CAPRIN1/GIGYF2/LIMD1/PURA	16
BP	GO:0051236	establishment of RNA localization	13/399	164/18888	4.71701695088925e-05	0.00262624936339876	0.00229915097924673	KHSRP/NUP155/SEC13/UPF1/AKAP8L/MAGOHB/NCBP1/NUP88/FYTTD1/XPO1/NUP133/MRPL18/CPSF6	13
BP	GO:0032272	negative regulation of protein polymerization	9/399	80/18888	4.72372368718704e-05	0.00262624936339876	0.00229915097924673	TUBB4A/SPTAN1/CAPZA1/CAPZB/RDX/SPTBN2/CAPZA2/KANK2/DYRK1A	9
BP	GO:0034975	protein folding in endoplasmic reticulum	4/399	11/18888	5.7550826767745e-05	0.00296990859822072	0.00260000758383265	HSP90B1/P4HB/DNAJC10/CALR	4
BP	GO:0070203	regulation of establishment of protein localization to telomere	4/399	11/18888	5.7550826767745e-05	0.00296990859822072	0.00260000758383265	TCP1/CCT8/CCT4/CCT2	4
BP	GO:0075522	IRES-dependent viral translational initiation	4/399	11/18888	5.7550826767745e-05	0.00296990859822072	0.00260000758383265	EIF3A/EIF3B/EIF3D/EIF3F	4
BP	GO:1904869	regulation of protein localization to Cajal body	4/399	11/18888	5.7550826767745e-05	0.00296990859822072	0.00260000758383265	TCP1/CCT8/CCT4/CCT2	4
BP	GO:1904871	positive regulation of protein localization to Cajal body	4/399	11/18888	5.7550826767745e-05	0.00296990859822072	0.00260000758383265	TCP1/CCT8/CCT4/CCT2	4
BP	GO:0048524	positive regulation of viral process	8/399	64/18888	5.82022356161376e-05	0.00296990859822072	0.00260000758383265	TRIM21/P4HB/LARP1/KPNA6/DDX3X/AXL/STAU1/PPIA	8
BP	GO:0019081	viral translation	5/399	21/18888	6.31435935513097e-05	0.00313613181304838	0.00274552775890466	EIF3A/EIF3L/EIF3B/EIF3D/EIF3F	5
BP	GO:0033962	P-body assembly	5/399	21/18888	6.31435935513097e-05	0.00313613181304838	0.00274552775890466	CNOT1/CNOT2/CNOT6L/CNOT6/LIMD1	5
BP	GO:0150115	cell-substrate junction organization	10/399	103/18888	6.50066303009854e-05	0.00318618023514698	0.00278934266859353	THBS1/ACTN1/CTTN/DST/PTK2/MACF1/LAMC1/AJUBA/TLN1/TRIP6	10
BP	GO:0043488	regulation of mRNA stability	17/399	273/18888	7.54040853830376e-05	0.00364779503963396	0.00319346352039167	VIM/TNKS1BP1/CNOT1/KHSRP/LARP1/UPF1/CNOT9/CNOT3/TRAF2/CNOT11/CNOT2/CNOT6L/CAPRIN1/CNOT6/CNOT8/GIGYF2/LARP4B	17
BP	GO:1901222	regulation of non-canonical NF-kappaB signal transduction	10/399	105/18888	7.65793088965249e-05	0.00365715289281481	0.00320165585642961	VCP/ACTN4/APP/RBCK1/DDX3X/CALR/AGO3/TRIP6/PDCD4/CYLD	10
BP	GO:0070202	regulation of establishment of protein localization to chromosome	4/399	12/18888	8.48884881828609e-05	0.0038562148595263	0.00337592472901801	TCP1/CCT8/CCT4/CCT2	4
BP	GO:1903405	protein localization to nuclear body	4/399	12/18888	8.48884881828609e-05	0.0038562148595263	0.00337592472901801	TCP1/CCT8/CCT4/CCT2	4
BP	GO:1904816	positive regulation of protein localization to chromosome, telomeric region	4/399	12/18888	8.48884881828609e-05	0.0038562148595263	0.00337592472901801	TCP1/CCT8/CCT4/CCT2	4
BP	GO:1904867	protein localization to Cajal body	4/399	12/18888	8.48884881828609e-05	0.0038562148595263	0.00337592472901801	TCP1/CCT8/CCT4/CCT2	4
BP	GO:2001238	positive regulation of extrinsic apoptotic signaling pathway	7/399	51/18888	9.25287087932864e-05	0.00413382507108649	0.00361895869169225	THBS1/CTNNA1/RBCK1/PPP2R1A/TRAF2/CAV1/CYLD	7
BP	GO:0019079	viral genome replication	11/399	129/18888	9.32191425426216e-05	0.00413382507108649	0.00361895869169225	VCP/LARP1/KPNA6/DDX3X/TRIM28/LTF/ZC3HAV1/APOBEC3B/STAU1/PPIB/PPIA	11
BP	GO:0051028	mRNA transport	11/399	131/18888	0.000107074861740415	0.00469239835274173	0.00410796187828863	KHSRP/NUP155/SEC13/UPF1/AKAP8L/MAGOHB/NCBP1/NUP88/FYTTD1/XPO1/NUP133	11
BP	GO:0061014	positive regulation of mRNA catabolic process	14/399	203/18888	0.000110730557334322	0.00479617821012036	0.00419881599292204	TNKS1BP1/CNOT1/KHSRP/UPF1/CNOT9/CNOT3/ZC3HAV1/CNOT11/CNOT2/CNOT6L/CAPRIN1/CNOT6/CNOT8/GIGYF2	14
BP	GO:2001233	regulation of apoptotic signaling pathway	21/399	396/18888	0.000114108279181874	0.00483733370791031	0.00423484558872657	QARS1/MMP2/THBS1/CTNNB1/CTNNA1/P4HB/CTTN/RACK1/RBCK1/EEF1E1/MAGED1/DDX3X/PPP2R1A/DNAJA1/TRAF2/USP15/CAV1/ERP29/PPIA/PYCR1/CYLD	21
BP	GO:0033144	negative regulation of intracellular steroid hormone receptor signaling pathway	6/399	37/18888	0.000114277950683519	0.00483733370791031	0.00423484558872657	CNOT1/CALR/CNOT9/KANK2/CNOT2/STRN3	6
BP	GO:0032271	regulation of protein polymerization	14/399	204/18888	0.000116651947603064	0.00488234275080238	0.00427424877202	TUBB4A/SPTAN1/HSP90AA1/CTTN/CAPZA1/CAPZB/RDX/SNX9/SPTBN2/CAPZA2/CYFIP1/KANK2/BAG4/DYRK1A	14
BP	GO:0007004	telomere maintenance via telomerase	8/399	71/18888	0.000123038299348967	0.00509241850083224	0.00445815966529941	TNKS1BP1/HSP90AA1/CTNNB1/TCP1/CCT8/CCT4/CCT2/RPA1	8
BP	GO:0000375	RNA splicing, via transesterification reactions	19/399	341/18888	0.000127198951835883	0.00515272048584415	0.00451095106044371	KHSRP/PRMT5/UPF1/PAXBP1/HNRNPA3/MTREX/GEMIN5/TGS1/SNRPB2/CRNKL1/MAGOHB/WDR77/NCBP1/TIA1/SNRPD1/SART3/TRA2A/DYRK1A/SF1	19
BP	GO:0043487	regulation of RNA stability	17/399	285/18888	0.000127261821395345	0.00515272048584415	0.00451095106044371	VIM/TNKS1BP1/CNOT1/KHSRP/LARP1/UPF1/CNOT9/CNOT3/TRAF2/CNOT11/CNOT2/CNOT6L/CAPRIN1/CNOT6/CNOT8/GIGYF2/LARP4B	17
BP	GO:0051258	protein polymerization	17/399	287/18888	0.00013842256510835	0.00554434467772692	0.00485379860447841	TUBB4A/TUBA1A/NEFL/SPTAN1/HSP90AA1/CTTN/CAPZA1/CAPZB/RDX/SNX9/SPTBN2/CAPZA2/CYFIP1/KANK2/BAG4/DYRK1A/TUBGCP4	17
BP	GO:0030833	regulation of actin filament polymerization	11/399	136/18888	0.000149612823343753	0.00592880603144126	0.00519037543918192	SPTAN1/CTTN/CAPZA1/CAPZB/RDX/SNX9/SPTBN2/CAPZA2/CYFIP1/KANK2/BAG4	11
BP	GO:1904814	regulation of protein localization to chromosome, telomeric region	4/399	14/18888	0.000165998750073632	0.00644109733358623	0.00563886104965034	TCP1/CCT8/CCT4/CCT2	4
BP	GO:1990173	protein localization to nucleoplasm	4/399	14/18888	0.000165998750073632	0.00644109733358623	0.00563886104965034	TCP1/CCT8/CCT4/CCT2	4
BP	GO:0051693	actin filament capping	6/399	40/18888	0.00017887203373041	0.0068690549035647	0.00601351666301475	SPTAN1/CAPZA1/CAPZB/RDX/SPTBN2/CAPZA2	6
BP	GO:0009209	pyrimidine ribonucleoside triphosphate biosynthetic process	4/399	15/18888	0.000222599712969939	0.00846106051850024	0.00740723856907488	CAD/NME1/CTPS2/CTPS1	4
BP	GO:2001235	positive regulation of apoptotic signaling pathway	11/399	143/18888	0.000232705306454127	0.00875583097516792	0.00766529547469311	MMP2/THBS1/CTNNA1/RACK1/RBCK1/EEF1E1/MAGED1/PPP2R1A/TRAF2/CAV1/CYLD	11
BP	GO:0006278	RNA-templated DNA biosynthetic process	8/399	78/18888	0.000238526794552253	0.00888512309707144	0.00777848431076717	TNKS1BP1/HSP90AA1/CTNNB1/TCP1/CCT8/CCT4/CCT2/RPA1	8
BP	GO:1903829	positive regulation of protein localization	23/399	483/18888	0.000265641052760075	0.00979715763892357	0.00857692528869946	LRP1/HSP90AA1/TCP1/CCT8/CCT4/YWHAE/CCT2/RACK1/MTCL1/RDX/EIF4G1/TFRC/LRP4/SQSTM1/TRIM28/PRKAR1A/SEC16B/UNC13B/HUWE1/SEC24A/ACSL3/PPIA/CYLD	23
BP	GO:0008380	RNA splicing	23/399	484/18888	0.00027357064553571	0.00999069269235805	0.0087463556230096	KHSRP/PRMT5/RBM12B/UPF1/PAXBP1/HNRNPA3/AKAP8L/MTREX/GEMIN5/PPP2R1A/TGS1/SNRPB2/CRNKL1/MAGOHB/WDR77/NCBP1/TIA1/PRMT1/SNRPD1/SART3/TRA2A/DYRK1A/SF1	23
BP	GO:0031333	negative regulation of protein-containing complex assembly	11/399	147/18888	0.000295692955572667	0.0106937500923125	0.00936184748455926	TUBB4A/SPTAN1/CAPZA1/CAPZB/RDX/SPTBN2/DDX3X/CAPZA2/KANK2/DYRK1A/PEX5	11
BP	GO:0009266	response to temperature stimulus	12/399	172/18888	0.000304215502894127	0.0108694104517173	0.00951562941135153	VCP/THBS1/HSP90AA1/HSPA6/YWHAE/HSP90AB2P/DNAJA1/IRAK1/EIF2B4/HDAC2/RBBP7/EIF2B3	12
BP	GO:0030835	negative regulation of actin filament depolymerization	6/399	44/18888	0.000306386066424246	0.0108694104517173	0.00951562941135153	SPTAN1/CAPZA1/CAPZB/RDX/SPTBN2/CAPZA2	6
BP	GO:0061157	mRNA destabilization	13/399	198/18888	0.000312617511681407	0.0109626965818154	0.00959729678854513	TNKS1BP1/CNOT1/KHSRP/UPF1/CNOT9/CNOT3/CNOT11/CNOT2/CNOT6L/CAPRIN1/CNOT6/CNOT8/GIGYF2	13
BP	GO:0000377	RNA splicing, via transesterification reactions with bulged adenosine as nucleophile	18/399	337/18888	0.000318405097498108	0.0109626965818154	0.00959729678854513	PRMT5/UPF1/PAXBP1/HNRNPA3/MTREX/GEMIN5/TGS1/SNRPB2/CRNKL1/MAGOHB/WDR77/NCBP1/TIA1/SNRPD1/SART3/TRA2A/DYRK1A/SF1	18
BP	GO:0000398	mRNA splicing, via spliceosome	18/399	337/18888	0.000318405097498108	0.0109626965818154	0.00959729678854513	PRMT5/UPF1/PAXBP1/HNRNPA3/MTREX/GEMIN5/TGS1/SNRPB2/CRNKL1/MAGOHB/WDR77/NCBP1/TIA1/SNRPD1/SART3/TRA2A/DYRK1A/SF1	18
BP	GO:0032984	protein-containing complex disassembly	15/399	252/18888	0.000320787631521578	0.0109626965818154	0.00959729678854513	CLTC/SPTAN1/TRIM21/VCP/CAPZA1/CAPZB/RDX/UPF1/FYCO1/SPTBN2/CAPZA2/SMARCC1/FAF2/SET/PEX5	15
BP	GO:0010833	telomere maintenance via telomere lengthening	8/399	83/18888	0.000366194057675482	0.012400662407647	0.0108561645041019	TNKS1BP1/HSP90AA1/CTNNB1/TCP1/CCT8/CCT4/CCT2/RPA1	8
BP	GO:0050779	RNA destabilization	13/399	202/18888	0.000379009784248874	0.0126054593422058	0.0110354540564193	TNKS1BP1/CNOT1/KHSRP/UPF1/CNOT9/CNOT3/CNOT11/CNOT2/CNOT6L/CAPRIN1/CNOT6/CNOT8/GIGYF2	13
BP	GO:0051701	biological process involved in interaction with host	13/399	202/18888	0.000379009784248874	0.0126054593422058	0.0110354540564193	TRIM21/P4HB/EPS15/TFRC/LTF/RPSA/KPNA3/AXL/LDLR/TRIM5/CTSB/CAV1/PPIA	13
BP	GO:0035966	response to topologically incorrect protein	11/399	152/18888	0.000394090321999583	0.0129910305260924	0.0113730024923587	VCP/THBS1/HSP90AA1/HSPA6/DNAJC10/SERPINH1/RACK1/DNAJA1/FAF2/TMEM33/CAV1	11
BP	GO:0045069	regulation of viral genome replication	8/399	85/18888	0.000430758751837707	0.0139528378312649	0.0122150170544002	LARP1/DDX3X/TRIM28/LTF/ZC3HAV1/APOBEC3B/STAU1/PPIA	8
BP	GO:0048041	focal adhesion assembly	8/399	85/18888	0.000430758751837707	0.0139528378312649	0.0122150170544002	THBS1/ACTN1/CTTN/PTK2/MACF1/AJUBA/TLN1/TRIP6	8
BP	GO:0008064	regulation of actin polymerization or depolymerization	11/399	154/18888	0.000440488859640833	0.0140684801414424	0.0123162561577361	SPTAN1/CTTN/CAPZA1/CAPZB/RDX/SNX9/SPTBN2/CAPZA2/CYFIP1/KANK2/BAG4	11
BP	GO:1902175	regulation of oxidative stress-induced intrinsic apoptotic signaling pathway	6/399	47/18888	0.000441882463503023	0.0140684801414424	0.0123162561577361	MMP2/CTNNB1/P4HB/RACK1/PPIA/PYCR1	6
BP	GO:0070646	protein modification by small protein removal	10/399	131/18888	0.00047172252133705	0.0146107049079953	0.0127909470307226	TRIM21/VCP/USP9X/EIF3F/USP10/ABRAXAS2/SENP3/USP15/GPS1/CYLD	10
BP	GO:0009208	pyrimidine ribonucleoside triphosphate metabolic process	4/399	18/18888	0.000474578214640052	0.0146107049079953	0.0127909470307226	CAD/NME1/CTPS2/CTPS1	4
BP	GO:0070200	establishment of protein localization to telomere	4/399	18/18888	0.000474578214640052	0.0146107049079953	0.0127909470307226	TCP1/CCT8/CCT4/CCT2	4
BP	GO:0030837	negative regulation of actin filament polymerization	7/399	66/18888	0.000474602763454345	0.0146107049079953	0.0127909470307226	SPTAN1/CAPZA1/CAPZB/RDX/SPTBN2/CAPZA2/KANK2	7
BP	GO:0046718	symbiont entry into host cell	11/399	156/18888	0.000491379659510198	0.0150031904235696	0.0131345486209024	TRIM21/P4HB/EPS15/TFRC/RPSA/KPNA3/AXL/LDLR/TRIM5/CTSB/CAV1	11
BP	GO:0030832	regulation of actin filament length	11/399	157/18888	0.000518613838139821	0.0156360822442617	0.0136886140000629	SPTAN1/CTTN/CAPZA1/CAPZB/RDX/SNX9/SPTBN2/CAPZA2/CYFIP1/KANK2/BAG4	11
BP	GO:0006903	vesicle targeting	7/399	67/18888	0.00052050314048012	0.0156360822442617	0.0136886140000629	SEC16A/TFG/PPP6C/SEC16B/ARFGAP3/FAM91A1/TRIP11	7
BP	GO:0000723	telomere maintenance	11/399	158/18888	0.00054709816767927	0.0162089792852648	0.014190156927093	TNKS1BP1/HSP90AA1/CTNNB1/TCP1/RUVBL1/CCT8/CCT4/CCT2/RPA1/UPF1/RPA2	11
BP	GO:0006470	protein dephosphorylation	13/399	210/18888	0.000548276883206271	0.0162089792852648	0.014190156927093	HSP90B1/YWHAE/PPP6R3/YWHAB/PPP6R1/PPP6R2/PPP6C/PPP2R1A/PTPN13/PPP2CB/PPP2R3A/PPIA/PTPN14	13
BP	GO:0032527	protein exit from endoplasmic reticulum	6/399	49/18888	0.000555427073211178	0.0162877503329196	0.0142591170699781	VCP/SEC16A/HSP90B1/SEC13/SEC16B/FAF2	6
BP	GO:0045727	positive regulation of translation	10/399	134/18888	0.000564059004817887	0.0162877503329196	0.0142591170699781	THBS1/EIF3C/EIF3E/EIF3D/LARP1/EIF4G1/DDX3X/PRMT1/MRPS27/LARP4B	10
BP	GO:0050684	regulation of mRNA processing	10/399	134/18888	0.000564059004817887	0.0162877503329196	0.0142591170699781	PRMT5/UPF1/CDK11B/MAGOHB/WDR77/NCBP1/TIA1/TRA2A/DYRK1A/SF1	10
BP	GO:0009148	pyrimidine nucleoside triphosphate biosynthetic process	4/399	19/18888	0.000591169404433576	0.0169392771655005	0.0148294964772082	CAD/NME1/CTPS2/CTPS1	4
BP	GO:0033120	positive regulation of RNA splicing	6/399	50/18888	0.000620082354868654	0.0176321127624865	0.015436039657558	PRMT5/UPF1/WDR77/NCBP1/TRA2A/DYRK1A	6
BP	GO:0006606	protein import into nucleus	11/399	161/18888	0.000640502662221665	0.0180747910361796	0.0158235825164491	HSP90AA1/NUP155/KPNA1/KPNA6/SEC13/SQSTM1/TRIM28/KPNA3/NUP88/NUP133/IPO9	11
BP	GO:0036503	ERAD pathway	9/399	113/18888	0.000660760811789706	0.0185062708565162	0.016201321685196	VCP/HSP90B1/UGGT1/DNAJC10/CALR/ERLIN1/CCDC47/FAF2/CAV1	9
BP	GO:0048199	vesicle targeting, to, from or within Golgi	5/399	34/18888	0.000689059515215478	0.0191548260759527	0.0167690995925966	SEC16A/TFG/PPP6C/SEC16B/ARFGAP3	5
BP	GO:0044409	symbiont entry into host	11/399	163/18888	0.000709867776311396	0.0194462783925219	0.017024251631235	TRIM21/P4HB/EPS15/TFRC/RPSA/KPNA3/AXL/LDLR/TRIM5/CTSB/CAV1	11
BP	GO:0006986	response to unfolded protein	10/399	138/18888	0.000709984929230329	0.0194462783925219	0.017024251631235	VCP/THBS1/HSP90AA1/HSPA6/DNAJC10/SERPINH1/RACK1/DNAJA1/FAF2/TMEM33	10
BP	GO:0042176	regulation of protein catabolic process	18/399	362/18888	0.000739173827320083	0.0200766949691605	0.0175761500570708	LRP1/VCP/HSP90AA1/USP9X/RACK1/RDX/SNX9/EIF3H/PSMC1/LDLR/SMARCC1/XPO1/PSMC4/CAV1/CTSA/TIMP1/TIMP2/PACSIN3	18
BP	GO:2001242	regulation of intrinsic apoptotic signaling pathway	12/399	190/18888	0.000743780914293732	0.0200766949691605	0.0175761500570708	MMP2/CTNNB1/P4HB/RACK1/DDX3X/DNAJA1/USP15/CAV1/ERP29/PPIA/PYCR1/CYLD	12
BP	GO:0000387	spliceosomal snRNP assembly	6/399	52/18888	0.000766781991074997	0.0204389294623732	0.0178932683785044	PRMT5/GEMIN5/TGS1/WDR77/SNRPD1/SART3	6
BP	GO:0021543	pallium development	12/399	191/18888	0.000778884747126763	0.0204389294623732	0.0178932683785044	TUBB2A/TUBB2B/TUBA1A/NEFL/CTNNB1/YWHAE/CDH2/PALS1/NARS1/LRP8/MBOAT7/PEX5	12
BP	GO:0033138	positive regulation of peptidyl-serine phosphorylation	8/399	93/18888	0.00078775438088718	0.0204389294623732	0.0178932683785044	TNKS1BP1/APP/EIF4G1/TFRC/CNOT9/DOCK7/BAG4/CAV1	8
BP	GO:0048525	negative regulation of viral process	8/399	93/18888	0.00078775438088718	0.0204389294623732	0.0178932683785044	TRIM21/TRIM28/LTF/TRIM5/ZC3HAV1/APOBEC3B/CSNK2B/PPIA	8
BP	GO:0032212	positive regulation of telomere maintenance via telomerase	5/399	35/18888	0.000790122373847449	0.0204389294623732	0.0178932683785044	CTNNB1/TCP1/CCT8/CCT4/CCT2	5
BP	GO:0033146	regulation of intracellular estrogen receptor signaling pathway	5/399	35/18888	0.000790122373847449	0.0204389294623732	0.0178932683785044	CNOT1/CNOT9/KANK2/CNOT2/STRN3	5
BP	GO:0071897	DNA biosynthetic process	12/399	192/18888	0.000815362814084032	0.0209463895342277	0.0183375244866231	TNKS1BP1/VCP/HSP90AA1/CTNNB1/TCP1/CCT8/CCT4/CCT2/RPA1/WRNIP1/USP10/LOX	12
BP	GO:0051170	import into nucleus	11/399	166/18888	0.000825545417682186	0.0210627169922338	0.0184393634028797	HSP90AA1/NUP155/KPNA1/KPNA6/SEC13/SQSTM1/TRIM28/KPNA3/NUP88/NUP133/IPO9	11
BP	GO:0030834	regulation of actin filament depolymerization	6/399	53/18888	0.000849501787300177	0.0215264908686609	0.0188453744150086	SPTAN1/CAPZA1/CAPZB/RDX/SPTBN2/CAPZA2	6
BP	GO:0030041	actin filament polymerization	11/399	167/18888	0.000867413096799847	0.0218318499025637	0.0191127010944945	SPTAN1/CTTN/CAPZA1/CAPZB/RDX/SNX9/SPTBN2/CAPZA2/CYFIP1/KANK2/BAG4	11
BP	GO:2000036	regulation of stem cell population maintenance	7/399	73/18888	0.000875314210154067	0.0218828552538517	0.0191573537481971	CNOT1/LOXL2/CNOT3/SMARCC1/CNOT2/HDAC2/RBBP7	7
BP	GO:0048026	positive regulation of mRNA splicing, via spliceosome	5/399	36/18888	0.000901841011528221	0.0223957184529508	0.0196063400260662	PRMT5/UPF1/WDR77/NCBP1/TRA2A	5
BP	GO:1902904	negative regulation of supramolecular fiber organization	11/399	169/18888	0.000956435026245165	0.0235941753163128	0.0206555295315965	TUBB4A/SPTAN1/CAPZA1/CAPZB/RDX/SPTBN2/CAPZA2/LDLR/KANK2/DYRK1A/WASF2	11
BP	GO:0016050	vesicle organization	18/399	371/18888	0.000978626679494978	0.0238321406405717	0.0208638563629788	SEC16A/TFG/EPS15/SEC23A/SEC24C/SEC31A/SEC13/SQSTM1/PPP6C/SEC16B/UNC13B/ANKFY1/SEC24A/SEC24B/MIA3/ARFGAP3/CAV1/EEA1	18
BP	GO:0044403	biological process involved in symbiotic interaction	16/399	311/18888	0.00100513454647869	0.0238321406405717	0.0208638563629788	TRIM21/P4HB/EPS15/TFRC/FASN/LTF/RPSA/KPNA3/AXL/LDLR/TRIM5/PPIB/CTSB/CAV1/EEA1/PPIA	16
BP	GO:0032988	protein-RNA complex disassembly	3/399	10/18888	0.00100530662939978	0.0238321406405717	0.0208638563629788	TRIM21/VCP/FAF2	3
BP	GO:0033572	transferrin transport	3/399	10/18888	0.00100530662939978	0.0238321406405717	0.0208638563629788	CLTC/TFRC/LMTK2	3
BP	GO:0051124	synaptic assembly at neuromuscular junction	3/399	10/18888	0.00100530662939978	0.0238321406405717	0.0208638563629788	AGRN/APP/LRP4	3
BP	GO:0150172	regulation of phosphatidylcholine metabolic process	3/399	10/18888	0.00100530662939978	0.0238321406405717	0.0208638563629788	LDLR/CAPN2/ACSL3	3
BP	GO:0007015	actin filament organization	21/399	467/18888	0.00101086663656653	0.0238321406405717	0.0208638563629788	SPTAN1/HSP90B1/ACTN1/MYO1B/CTTN/CAPZA1/CAPZB/RDX/SNX9/SPTBN2/CNN3/CAPZA2/CYFIP1/MYO1E/RNH1/DPYSL3/KANK2/RHOT1/BAG4/TF/WASF2	21
BP	GO:0031334	positive regulation of protein-containing complex assembly	12/399	197/18888	0.00101985508924406	0.0238928314932964	0.0209169881925064	VCP/HSP90AA1/CTTN/RACK1/SNX9/EIF4G1/TFRC/CAND1/DDX3X/AJUBA/UNC13B/BAG4	12
BP	GO:0061077	chaperone-mediated protein folding	7/399	75/18888	0.00102860920335018	0.0239473080154963	0.0209646796840714	HSPA6/TCP1/CCT8/CCT4/CCT2/UNC45A/PPIB	7
BP	GO:1904358	positive regulation of telomere maintenance via telomere lengthening	5/399	38/18888	0.00115998670257192	0.0268382016588845	0.0234955135963898	CTNNB1/TCP1/CCT8/CCT4/CCT2	5
BP	GO:0018126	protein hydroxylation	4/399	23/18888	0.00126338643763545	0.0288718679766384	0.0252758875285414	P4HB/P3H4/P4HA1/PLOD1	4
BP	GO:0046794	transport of virus	4/399	23/18888	0.00126338643763545	0.0288718679766384	0.0252758875285414	EPS15/KPNA6/KPNA3/CAV1	4
BP	GO:0006898	receptor-mediated endocytosis	14/399	259/18888	0.0012837437493483	0.0291582040629416	0.0255265605614958	CLTC/LRP1/HSPG2/CLTCL1/CTTN/EPS15/SNX9/TFRC/AP2A2/PDLIM7/VLDLR/LDLR/CAV1/TF	14
BP	GO:0050685	positive regulation of mRNA processing	5/399	39/18888	0.00130781268492999	0.02952486212948	0.0258475515018379	PRMT5/UPF1/WDR77/NCBP1/TRA2A	5
BP	GO:0015931	nucleobase-containing compound transport	13/399	231/18888	0.00131968178131085	0.0296133411770056	0.0259250105168106	KHSRP/NUP155/SEC13/UPF1/AKAP8L/MAGOHB/NCBP1/NUP88/FYTTD1/XPO1/NUP133/MRPL18/CPSF6	13
BP	GO:0018205	peptidyl-lysine modification	10/399	150/18888	0.00134465877287627	0.0298065862261788	0.0260941869667826	CTNNB1/LOXL2/TRIM28/P3H4/RANGAP1/LOXL1/LOX/SENP3/HDAC2/PLOD1	10
BP	GO:1905049	negative regulation of metallopeptidase activity	3/399	11/18888	0.00136071505538679	0.0298065862261788	0.0260941869667826	LRP1/TIMP1/TIMP2	3
BP	GO:2001204	regulation of osteoclast development	3/399	11/18888	0.00136071505538679	0.0298065862261788	0.0260941869667826	FBN1/NOTCH2/LTF	3
BP	GO:0006826	iron ion transport	6/399	58/18888	0.00137104025884403	0.0298065862261788	0.0260941869667826	CLTC/TFRC/LTF/FTH1/LMTK2/TF	6
BP	GO:0030042	actin filament depolymerization	6/399	58/18888	0.00137104025884403	0.0298065862261788	0.0260941869667826	SPTAN1/CAPZA1/CAPZB/RDX/SPTBN2/CAPZA2	6
BP	GO:0120032	regulation of plasma membrane bounded cell projection assembly	12/399	204/18888	0.00137630411567859	0.0298065862261788	0.0260941869667826	HSP90AA1/AGRN/CAPZB/RDX/CEP97/CYFIP1/DPYSL3/MYO10/CCP110/CAV1/CYLD/WASF2	12
BP	GO:0035304	regulation of protein dephosphorylation	7/399	79/18888	0.00139805375134163	0.0301026024494079	0.026353334479199	HSP90B1/YWHAE/PPP6R3/YWHAB/PPP6R1/PPP6R2/PPIA	7
BP	GO:0033135	regulation of peptidyl-serine phosphorylation	9/399	126/18888	0.00143489515692047	0.0307183014915445	0.0268923484339964	TNKS1BP1/RACK1/APP/EIF4G1/TFRC/CNOT9/DOCK7/BAG4/CAV1	9
BP	GO:0006901	vesicle coating	5/399	40/18888	0.00146908992081564	0.0310322738149827	0.0271672156210008	SEC16A/TFG/PPP6C/SEC16B/ARFGAP3	5
BP	GO:0009147	pyrimidine nucleoside triphosphate metabolic process	4/399	24/18888	0.00149102691554785	0.0310322738149827	0.0271672156210008	CAD/NME1/CTPS2/CTPS1	4
BP	GO:0009220	pyrimidine ribonucleotide biosynthetic process	4/399	24/18888	0.00149102691554785	0.0310322738149827	0.0271672156210008	CAD/NME1/CTPS2/CTPS1	4
BP	GO:1903902	positive regulation of viral life cycle	4/399	24/18888	0.00149102691554785	0.0310322738149827	0.0271672156210008	TRIM21/P4HB/KPNA6/AXL	4
BP	GO:0060491	regulation of cell projection assembly	12/399	206/18888	0.00149522378281552	0.0310322738149827	0.0271672156210008	HSP90AA1/AGRN/CAPZB/RDX/CEP97/CYFIP1/DPYSL3/MYO10/CCP110/CAV1/CYLD/WASF2	12
BP	GO:0007566	embryo implantation	6/399	59/18888	0.00149954611723406	0.0310322738149827	0.0271672156210008	MMP2/HSPG2/TRIM28/CALR/IGFBP7/TIMP1	6
BP	GO:1904951	positive regulation of establishment of protein localization	16/399	326/18888	0.00163561052073499	0.0336610452471703	0.0294685745463041	HSP90AA1/TCP1/CCT8/CCT4/YWHAE/CCT2/RACK1/MTCL1/TRIM28/PRKAR1A/SEC16B/UNC13B/HUWE1/SEC24A/ACSL3/PPIA	16
BP	GO:0072594	establishment of protein localization to organelle	20/399	454/18888	0.00168675750879318	0.0345229215398604	0.0302231044664041	HSP90AA1/TCP1/CCT8/CCT4/CCT2/USP9X/NUP155/KPNA1/KPNA6/SEC13/SQSTM1/TRIM28/KPNA3/DNAJA1/NUP88/BAG4/HUWE1/NUP133/IPO9/PEX5	20
BP	GO:0051098	regulation of binding	13/399	238/18888	0.00172303727912694	0.0350727533592779	0.0307044549366423	LRP1/TRIM21/EIF3C/EIF3E/USP9X/RACK1/EIF3D/APP/EIF4G1/NCBP1/NME1/PPP2CB/CSNK2B	13
BP	GO:0031589	cell-substrate adhesion	17/399	359/18888	0.00173630108039261	0.0351506604590352	0.03077265873602	THBS1/ACTN1/ACTN4/CTNNB1/P4HB/CTTN/CCDC80/PTK2/CALR/MACF1/LAMC1/AXL/AJUBA/TLN1/UTRN/TRIP6/SPOCK1	17
BP	GO:0051016	barbed-end actin filament capping	4/399	25/18888	0.00174573986759947	0.0351507081449083	0.0307727004826354	CAPZA1/CAPZB/RDX/CAPZA2	4
BP	GO:0048548	regulation of pinocytosis	3/399	12/18888	0.00178599057778811	0.035767822055165	0.0313129530842533	AXL/ANKFY1/CAV1	3
BP	GO:0007565	female pregnancy	11/399	183/18888	0.00181472708605452	0.0361489753772893	0.0316466339014743	CAD/MMP2/HSPG2/KPNA6/TRIM28/CALR/IGFBP7/CAPN2/CTSB/TIMP1/PARP2	11
BP	GO:0050808	synapse organization	21/399	493/18888	0.00196242972803312	0.0388832486006563	0.0340403544089956	TUBA1A/NEFL/VCP/ACTN1/CTNNB1/AGRN/CTTN/APP/EIF4G1/LRP4/SPTBN2/CYFIP1/CDH2/UNC13B/PTPN13/STAU1/SDF4/CDH6/CAPRIN1/LRP8/WASF2	21
BP	GO:0050807	regulation of synapse organization	13/399	243/18888	0.00206962159319998	0.0407901610299997	0.035709761602526	TUBA1A/NEFL/VCP/CTNNB1/AGRN/APP/EIF4G1/LRP4/CYFIP1/CDH2/PTPN13/CAPRIN1/LRP8	13
BP	GO:0051648	vesicle localization	12/399	215/18888	0.00214018522929461	0.0419588946269601	0.036732929863461	SEC16A/TFG/ACTN4/CTNNB1/FYCO1/PPP6C/CDH2/SEC16B/UNC13B/ARFGAP3/FAM91A1/TRIP11	12
BP	GO:0008631	intrinsic apoptotic signaling pathway in response to oxidative stress	6/399	64/18888	0.0022846613664673	0.0436340047432569	0.0381994056360607	MMP2/CTNNB1/P4HB/RACK1/PPIA/PYCR1	6
BP	GO:0018158	protein oxidation	3/399	13/18888	0.0022856149677421	0.0436340047432569	0.0381994056360607	LOXL2/LOXL1/LOX	3
BP	GO:0106074	aminoacyl-tRNA metabolism involved in translational fidelity	3/399	13/18888	0.0022856149677421	0.0436340047432569	0.0381994056360607	IARS1/LARS1/TARS2	3
BP	GO:0030522	intracellular receptor signaling pathway	17/399	369/18888	0.00231426074771811	0.0436340047432569	0.0381994056360607	CGAS/CNOT1/ACTN4/YWHAE/DDX3X/PPP6C/CALR/CNOT9/AHR/DNAJA1/KANK2/CNOT2/IRAK1/STRN3/USP15/CAV1/CYLD	17
BP	GO:0032200	telomere organization	11/399	189/18888	0.00233752063851859	0.0436340047432569	0.0381994056360607	TNKS1BP1/HSP90AA1/CTNNB1/TCP1/RUVBL1/CCT8/CCT4/CCT2/RPA1/UPF1/RPA2	11
BP	GO:0006541	glutamine metabolic process	4/399	27/18888	0.00234276535534265	0.0436340047432569	0.0381994056360607	CAD/GFPT1/CTPS2/CTPS1	4
BP	GO:0031639	plasminogen activation	4/399	27/18888	0.00234276535534265	0.0436340047432569	0.0381994056360607	THBS1/CTSZ/PGK1/DHCR24	4
BP	GO:0048207	vesicle targeting, rough ER to cis-Golgi	4/399	27/18888	0.00234276535534265	0.0436340047432569	0.0381994056360607	SEC16A/TFG/PPP6C/SEC16B	4
BP	GO:0048208	COPII vesicle coating	4/399	27/18888	0.00234276535534265	0.0436340047432569	0.0381994056360607	SEC16A/TFG/PPP6C/SEC16B	4
BP	GO:0051043	regulation of membrane protein ectodomain proteolysis	4/399	27/18888	0.00234276535534265	0.0436340047432569	0.0381994056360607	SNX9/TIMP1/TIMP2/PACSIN3	4
BP	GO:0050821	protein stabilization	12/399	218/18888	0.0023999781611901	0.0444772072160851	0.0389375875536366	SEC16A/HSP90AA1/TCP1/RUVBL1/CCT8/CCT4/CCT2/USP9X/HSP90AB2P/CALR/BAG4/PPIB	12
BP	GO:0034250	positive regulation of amide metabolic process	10/399	163/18888	0.00248886724409642	0.0458961905161345	0.0401798370099568	THBS1/EIF3C/EIF3E/EIF3D/LARP1/EIF4G1/DDX3X/PRMT1/MRPS27/LARP4B	10
BP	GO:0050803	regulation of synapse structure or activity	13/399	249/18888	0.00255936274366753	0.046963675961387	0.0411143675389267	TUBA1A/NEFL/VCP/CTNNB1/AGRN/APP/EIF4G1/LRP4/CYFIP1/CDH2/PTPN13/CAPRIN1/LRP8	13
BP	GO:0016579	protein deubiquitination	8/399	112/18888	0.0026036429567488	0.0470804369606276	0.0412165859990178	TRIM21/VCP/USP9X/EIF3F/USP10/ABRAXAS2/USP15/CYLD	8
BP	GO:0046822	regulation of nucleocytoplasmic transport	8/399	112/18888	0.0026036429567488	0.0470804369606276	0.0412165859990178	HSP90AA1/YWHAE/TRIM28/AKAP8L/RANGAP1/XPO1/CPSF6/PTPN14	8
BP	GO:0048024	regulation of mRNA splicing, via spliceosome	8/399	112/18888	0.0026036429567488	0.0470804369606276	0.0412165859990178	PRMT5/UPF1/WDR77/NCBP1/TIA1/TRA2A/DYRK1A/SF1	8
BP	GO:0030111	regulation of Wnt signaling pathway	16/399	342/18888	0.00264506718952168	0.0475984313090254	0.0416700643434435	LRP1/VCP/CTNNB1/RUVBL1/RACK1/KPNA1/APP/LRP4/DDX3X/CDH2/MACF1/PPP2R1A/CAV1/LIMD1/BICC1/CYLD	16
BP	GO:0030199	collagen fibril organization	6/399	66/18888	0.00267291547688729	0.0478683180356017	0.041906336778324	SERPINH1/LOXL2/P3H4/LOXL1/P4HA1/LOX	6
BP	GO:0070199	establishment of protein localization to chromosome	4/399	28/18888	0.00268822093962376	0.0479120717708062	0.0419446410020368	TCP1/CCT8/CCT4/CCT2	4
BP	GO:0051494	negative regulation of cytoskeleton organization	10/399	165/18888	0.00271918811283464	0.0482332177157573	0.0422257883386552	TUBB4A/SPTAN1/CAPZA1/CAPZB/RDX/SPTBN2/CAPZA2/KANK2/DYRK1A/WASF2	10
CC	GO:0017101	aminoacyl-tRNA synthetase multienzyme complex	11/405	11/19894	2.17654796685593e-19	1.0817443395274e-16	7.40026308731015e-17	EPRS1/RARS1/DARS1/IARS1/QARS1/KARS1/MARS1/LARS1/AIMP1/AIMP2/EEF1E1	11
CC	GO:0005852	eukaryotic translation initiation factor 3 complex	12/405	16/19894	7.29235100428562e-18	1.81214922456498e-15	1.23969967072856e-15	EIF3A/EIF3C/EIF3L/EIF3B/EIF3E/EIF3D/EIF3F/EIF3I/DDX3X/EIF3H/EIF3M/EIF3K	12
CC	GO:0033290	eukaryotic 48S preinitiation complex	11/405	17/19894	2.41318564563791e-15	3.99784421960681e-13	2.73494373172297e-13	EIF3A/EIF3C/EIF3L/EIF3B/EIF3E/EIF3D/EIF3F/EIF3I/EIF3H/EIF3M/EIF3K	11
CC	GO:0016282	eukaryotic 43S preinitiation complex	11/405	18/19894	6.09267384883602e-15	7.57014725717876e-13	5.17877277151062e-13	EIF3A/EIF3C/EIF3L/EIF3B/EIF3E/EIF3D/EIF3F/EIF3I/EIF3H/EIF3M/EIF3K	11
CC	GO:0070993	translation preinitiation complex	11/405	19/19894	1.42074115044551e-14	1.41221670354284e-12	9.66103982302948e-13	EIF3A/EIF3C/EIF3L/EIF3B/EIF3E/EIF3D/EIF3F/EIF3I/EIF3H/EIF3M/EIF3K	11
CC	GO:0005925	focal adhesion	36/405	421/19894	3.94427835635295e-13	3.26717723851236e-11	2.23509106860001e-11	VIM/CLTC/LRP1/HSP90B1/ACTN1/ACTN4/HSPG2/CTNNB1/CTNNA1/P4HB/PACSIN2/CTTN/YWHAE/RDX/YWHAG/YWHAB/CNN3/CYFIP1/DST/PTK2/CDH2/CALR/LPP/PDLIM7/AJUBA/TLN1/DOCK7/RPS17/SNTB1/PPIB/TRIP6/TGFB1I1/CAPN2/CAV1/LIMD1/PPIA	36
CC	GO:0030055	cell-substrate junction	36/405	431/19894	7.91977986286494e-13	5.62304370263410e-11	3.84675021910583e-11	VIM/CLTC/LRP1/HSP90B1/ACTN1/ACTN4/HSPG2/CTNNB1/CTNNA1/P4HB/PACSIN2/CTTN/YWHAE/RDX/YWHAG/YWHAB/CNN3/CYFIP1/DST/PTK2/CDH2/CALR/LPP/PDLIM7/AJUBA/TLN1/DOCK7/RPS17/SNTB1/PPIB/TRIP6/TGFB1I1/CAPN2/CAV1/LIMD1/PPIA	36
CC	GO:0042470	melanosome	19/405	112/19894	1.19800955179399e-12	6.61567496935127e-11	4.52581386233286e-11	CLTC/HSP90B1/HSP90AA1/P4HB/CCT4/YWHAE/PDIA6/TFRC/YWHAB/FASN/NAP1L1/AHCY/CALU/CNP/PPIB/TMEM33/CTSB/ERP29/GGH	19
CC	GO:0048770	pigment granule	19/405	112/19894	1.19800955179399e-12	6.61567496935127e-11	4.52581386233286e-11	CLTC/HSP90B1/HSP90AA1/P4HB/CCT4/YWHAE/PDIA6/TFRC/YWHAB/FASN/NAP1L1/AHCY/CALU/CNP/PPIB/TMEM33/CTSB/ERP29/GGH	19
CC	GO:0005840	ribosome	27/405	251/19894	1.89230324799766e-12	9.40474714254838e-11	6.43383104319205e-11	RACK1/EIF4G1/RPS20/DDX3X/MRPL38/CALR/MRPL19/RPS4Y1/RPSA/USP10/PTCD3/MRPL17/MRPL39/MRPS23/RPS17/MRPS27/MRPS34/MRPS9/MRPL1/MRPL16/MRPL18/MRPL2/MRPL30/MRPL43/MRPL44/MRPS18A/SF1	27
CC	GO:0035770	ribonucleoprotein granule	28/405	272/19894	2.14474662981126e-12	9.639254057833e-11	6.59425830918153e-11	TUBA1A/TRIM21/VCP/CNOT1/FLG/EIF3B/LARP1/EIF4G1/UPF1/DDX3X/SQSTM1/PPP6R2/CNOT9/SNRPB2/CNOT3/AJUBA/AGO3/TRIM5/DHX30/TIA1/CNOT2/APOBEC3B/STAU1/CAPRIN1/CNOT8/GIGYF2/LARP4B/LIMD1	28
CC	GO:0000313	organellar ribosome	17/405	89/19894	2.52133405939294e-12	9.639254057833e-11	6.59425830918153e-11	MRPL38/MRPL19/PTCD3/MRPL17/MRPL39/MRPS23/MRPS27/MRPS34/MRPS9/MRPL1/MRPL16/MRPL18/MRPL2/MRPL30/MRPL43/MRPL44/MRPS18A	17
CC	GO:0005761	mitochondrial ribosome	17/405	89/19894	2.52133405939294e-12	9.639254057833e-11	6.59425830918153e-11	MRPL38/MRPL19/PTCD3/MRPL17/MRPL39/MRPS23/MRPS27/MRPS34/MRPS9/MRPL1/MRPL16/MRPL18/MRPL2/MRPL30/MRPL43/MRPL44/MRPS18A	17
CC	GO:0036464	cytoplasmic ribonucleoprotein granule	27/405	255/19894	2.75622678303189e-12	9.78460507976321e-11	6.69369361593459e-11	TUBA1A/TRIM21/VCP/CNOT1/FLG/EIF3B/LARP1/EIF4G1/UPF1/DDX3X/SQSTM1/PPP6R2/CNOT9/SNRPB2/CNOT3/AJUBA/AGO3/TRIM5/TIA1/CNOT2/APOBEC3B/STAU1/CAPRIN1/CNOT8/GIGYF2/LARP4B/LIMD1	27
CC	GO:0030014	CCR4-NOT complex	9/405	16/19894	5.54591458731724e-12	1.83754636659778e-10	1.25707397312524e-10	TNKS1BP1/CNOT1/CNOT9/CNOT3/CNOT11/CNOT2/CNOT6L/CNOT6/CNOT8	9
CC	GO:0044391	ribosomal subunit	23/405	193/19894	1.04253533321136e-11	3.23837537878777e-10	2.21538758307413e-10	RACK1/RPS20/DDX3X/MRPL38/MRPL19/RPS4Y1/RPSA/PTCD3/MRPL17/MRPL39/MRPS23/RPS17/MRPS27/MRPS34/MRPS9/MRPL1/MRPL16/MRPL18/MRPL2/MRPL30/MRPL43/MRPL44/MRPS18A	23
CC	GO:0030120	vesicle coat	14/405	63/19894	2.53742089256516e-11	7.41822460944049e-10	5.07484178513032e-10	CLTC/CLTCL1/COPG1/SEC23A/COPB1/SEC24C/SEC31A/SEC13/AP2A2/AFTPH/ARCN1/SEC24A/SEC24B/COPE	14
CC	GO:0030117	membrane coat	16/405	97/19894	1.14265132729496e-10	2.9838178193603e-09	2.04124357863682e-09	CLTC/CLTCL1/EPS15/COPG1/SEC23A/COPB1/SEC24C/SEC31A/SEC13/AP2A2/AFTPH/ARCN1/EPS15L1/SEC24A/SEC24B/COPE	16
CC	GO:0048475	coated membrane	16/405	97/19894	1.14265132729496e-10	2.9838178193603e-09	2.04124357863682e-09	CLTC/CLTCL1/EPS15/COPG1/SEC23A/COPB1/SEC24C/SEC31A/SEC13/AP2A2/AFTPH/ARCN1/EPS15L1/SEC24A/SEC24B/COPE	16
CC	GO:0034774	secretory granule lumen	28/405	322/19894	1.20073151684519e-10	2.9838178193603e-09	2.04124357863682e-09	SPTAN1/VCP/THBS1/LGALS3BP/HSP90AA1/ACTN1/ACTN4/HSPA6/PRDX4/CCT8/IMPDH2/CCT2/APP/CAND1/GLB1/DDX3X/CYFIP1/LTF/CTSZ/HUWE1/FAF2/CSNK2B/GGH/CTSA/TIMP1/TIMP2/PPIA/TF	28
CC	GO:0060205	cytoplasmic vesicle lumen	28/405	325/19894	1.48922126412981e-10	3.52449032510722e-09	2.41112014192446e-09	SPTAN1/VCP/THBS1/LGALS3BP/HSP90AA1/ACTN1/ACTN4/HSPA6/PRDX4/CCT8/IMPDH2/CCT2/APP/CAND1/GLB1/DDX3X/CYFIP1/LTF/CTSZ/HUWE1/FAF2/CSNK2B/GGH/CTSA/TIMP1/TIMP2/PPIA/TF	28
CC	GO:0031983	vesicle lumen	28/405	326/19894	1.59910820826022e-10	3.61253081593332e-09	2.47134904912944e-09	SPTAN1/VCP/THBS1/LGALS3BP/HSP90AA1/ACTN1/ACTN4/HSPA6/PRDX4/CCT8/IMPDH2/CCT2/APP/CAND1/GLB1/DDX3X/CYFIP1/LTF/CTSZ/HUWE1/FAF2/CSNK2B/GGH/CTSA/TIMP1/TIMP2/PPIA/TF	28
CC	GO:1904813	ficolin-1-rich granule lumen	17/405	124/19894	5.99362752249867e-10	1.29514472986167e-08	8.8601450332589e-09	VCP/HSP90AA1/HSPA6/PRDX4/CCT8/IMPDH2/CAND1/GLB1/DDX3X/CTSZ/HUWE1/CSNK2B/CTSB/KCMF1/FTH1/TIMP2/PPIA	17
CC	GO:0000315	organellar large ribosomal subunit	12/405	56/19894	1.07238244392363e-09	2.13189629852018e-08	1.45844012373614e-08	MRPL38/MRPL19/MRPL17/MRPL39/MRPL1/MRPL16/MRPL18/MRPL2/MRPL30/MRPL43/MRPL44/MRPS18A	12
CC	GO:0005762	mitochondrial large ribosomal subunit	12/405	56/19894	1.07238244392363e-09	2.13189629852018e-08	1.45844012373614e-08	MRPL38/MRPL19/MRPL17/MRPL39/MRPL1/MRPL16/MRPL18/MRPL2/MRPL30/MRPL43/MRPL44/MRPS18A	12
CC	GO:0101002	ficolin-1-rich granule	20/405	185/19894	1.35496204058635e-09	2.59006205450545e-08	1.77187343768984e-08	VCP/HSP90AA1/UBR4/HSPA6/PRDX4/CCT8/IMPDH2/COPB1/CAND1/GLB1/DDX3X/AP2A2/CTSZ/HUWE1/CSNK2B/CTSB/KCMF1/FTH1/TIMP2/PPIA	20
CC	GO:0005905	clathrin-coated pit	13/405	77/19894	4.81060510189402e-09	8.85507679867159e-08	6.05779901719988e-08	CLTC/LRP1/CLTCL1/CTTN/EPS15/SNX9/APP/TFRC/AP2A2/VLDLR/LDLR/EPS15L1/TF	13
CC	GO:0070971	endoplasmic reticulum exit site	9/405	32/19894	1.01871405902015e-08	1.80821745476077e-07	1.23700992881018e-07	SEC16A/TFG/SEC23A/SEC24C/SEC31A/SEC16B/SEC24A/SEC24B/MIA3	9
CC	GO:0000932	P-body	14/405	100/19894	1.51397204943787e-08	2.59463485714008e-07	1.77500171313406e-07	TRIM21/CNOT1/UPF1/SQSTM1/CNOT9/CNOT3/AJUBA/AGO3/TRIM5/CNOT2/APOBEC3B/CAPRIN1/CNOT8/LIMD1	14
CC	GO:0030135	coated vesicle	24/405	317/19894	3.88914429681488e-08	6.44301571838998e-07	4.40769686972353e-07	CLTC/SEC16A/CLTCL1/COPG1/SEC23A/COPB1/SEC24C/SNX9/APP/SEC31A/TFRC/SEC13/AP2A2/MYO1E/AFTPH/ARCN1/LDLR/CTSZ/SEC16B/RNF216/SEC24A/SEC24B/COPE/TF	24
CC	GO:0030662	coated vesicle membrane	19/405	205/19894	4.40939583500051e-08	7.06925719353308e-07	4.8361115609683e-07	CLTC/SEC16A/CLTCL1/COPG1/SEC23A/COPB1/SEC24C/SEC31A/TFRC/SEC13/AP2A2/AFTPH/ARCN1/LDLR/SEC16B/SEC24A/SEC24B/COPE/TF	19
CC	GO:0015935	small ribosomal subunit	12/405	79/19894	6.45007117295606e-08	1.00177667904974e-06	6.85320062126582e-07	RACK1/RPS20/DDX3X/RPS4Y1/RPSA/PTCD3/MRPS23/RPS17/MRPS27/MRPS34/MRPS9/MRPS18A	12
CC	GO:0005938	cell cortex	23/405	309/19894	1.02080684361498e-07	1.53739697356559e-06	1.05174038433058e-06	SPTAN1/ACTN1/ACTN4/CTNNB1/CTTN/CAPZB/FRYL/RDX/SNX9/SPTBN2/CAPZA2/DST/PTK2/CDH2/MYO1E/MYO10/CTSZ/CRIP2/UNC13B/TRAF2/ACTR1A/CAPN2/CAV1	23
CC	GO:0005788	endoplasmic reticulum lumen	23/405	313/19894	1.28774291611105e-07	1.88237714502115e-06	1.28774291611105e-06	HSP90B1/THBS1/FBN1/P4HB/UGGT1/DNAJC10/SERPINH1/APP/PDIA6/CDH2/CALR/LAMC1/RCN2/CALU/CTSZ/APLP2/IGFBP7/PPIB/P4HA1/MIA3/ERP29/TIMP1/TF	23
CC	GO:0062023	collagen-containing extracellular matrix	27/405	428/19894	2.34014280355896e-07	3.32300278105372e-06	2.27328158060013e-06	HSP90B1/MMP2/THBS1/LGALS3BP/HSP90AA1/HSPG2/FBN1/AGRN/LTBP3/SERPINH1/FLG/LTBP4/CCDC80/LOXL2/DST/CDH2/CALR/LAMC1/CTSZ/IGFBP7/LOXL1/LOX/TGFB1I1/CTSB/TIMP1/TIMP2/TINAGL1	27
CC	GO:0030127	COPII vesicle coat	6/405	16/19894	4.62241946626894e-07	6.38150687426574e-06	4.36561838480956e-06	SEC23A/SEC24C/SEC31A/SEC13/SEC24A/SEC24B	6
CC	GO:0031252	cell leading edge	26/405	426/19894	7.3649057864126e-07	9.89285993472179e-06	6.76775126318996e-06	VIM/ACTN1/CTNNB1/CTNNA1/P4HB/PACSIN2/CTTN/CAPZB/RDX/SNX9/DDX3X/CYFIP1/DST/CDH2/MACF1/PDLIM7/RNH1/DPYSL3/AJUBA/TLN1/MYO10/PTPN13/NME1/CAPRIN1/PSD3/WASF2	26
CC	GO:0030863	cortical cytoskeleton	12/405	104/19894	1.37777997159255e-06	1.80199117337236e-05	1.2327505008986e-05	SPTAN1/ACTN1/ACTN4/CTTN/CAPZB/RDX/SNX9/SPTBN2/CAPZA2/CDH2/MYO1E/CAPN2	12
CC	GO:0034663	endoplasmic reticulum chaperone complex	5/405	11/19894	1.42485026174898e-06	1.81577071817754e-05	1.24217715126834e-05	HSP90B1/P4HB/DNAJC10/PDIA6/PPIB	5
CC	GO:0010494	cytoplasmic stress granule	11/405	92/19894	2.66506486113853e-06	3.31134308996463e-05	2.26530513196775e-05	TRIM21/VCP/EIF3B/LARP1/EIF4G1/DDX3X/TIA1/STAU1/CAPRIN1/GIGYF2/LARP4B	11
CC	GO:0034709	methylosome	5/405	13/19894	3.83767646119438e-06	4.65201268588685e-05	3.18246340684412e-05	PRMT5/WDR77/PRMT1/SNRPD1/ERH	5
CC	GO:0030027	lamellipodium	16/405	203/19894	4.38409499038262e-06	5.18784573861943e-05	3.54902927792879e-05	CTNNB1/CTNNA1/P4HB/CTTN/CAPZB/RDX/DDX3X/CYFIP1/CDH2/RNH1/DPYSL3/AJUBA/MYO10/PTPN13/CAPRIN1/WASF2	16
CC	GO:0015934	large ribosomal subunit	12/405	118/19894	5.26548892679355e-06	6.0859255735265e-05	4.16340984909257e-05	MRPL38/MRPL19/MRPL17/MRPL39/MRPL1/MRPL16/MRPL18/MRPL2/MRPL30/MRPL43/MRPL44/MRPS18A	12
CC	GO:0034708	methyltransferase complex	11/405	100/19894	6.07170375045365e-06	6.85826537267151e-05	4.691771079896e-05	RUVBL1/PRMT5/WDR77/PRMT1/LAS1L/SNRPD1/SENP3/BOD1L1/ERH/HDAC2/RBBP7	11
CC	GO:0140534	endoplasmic reticulum protein-containing complex	12/405	126/19894	1.03838970837527e-05	0.000114684374458335	7.84561112994649e-05	VCP/HSP90B1/P4HB/DNAJC10/PDIA6/CALR/TRAF2/FAF2/PPIB/P4HA1/SSR4/RPN2	12
CC	GO:0030864	cortical actin cytoskeleton	9/405	72/19894	1.50658813687907e-05	0.000162777022614978	0.000111356514464975	SPTAN1/ACTN1/ACTN4/RDX/SNX9/SPTBN2/CDH2/MYO1E/CAPN2	9
CC	GO:0098798	mitochondrial protein-containing complex	19/405	305/19894	1.74319345325437e-05	0.000184333435376048	0.00012610335619287	ATP5F1B/MRPL38/MRPL19/PTCD3/MRPL17/MRPL39/MRPS23/MRPS27/MRPS34/MRPS9/MRPL1/MRPL16/MRPL18/MRPL2/MRPL30/MRPL43/MRPL44/MRPS18A/UQCRC2	19
CC	GO:0030134	COPII-coated ER to Golgi transport vesicle	10/405	94/19894	2.1597206582981e-05	0.000223621076494616	0.000152980213296115	SEC16A/SEC23A/SEC24C/APP/SEC31A/SEC13/CTSZ/SEC16B/SEC24A/SEC24B	10
CC	GO:0005759	mitochondrial matrix	25/405	491/19894	2.78858326526388e-05	0.000282842016905337	0.00019349353269178	QARS1/KARS1/ATP5F1B/MRPL38/MRPL19/GARS1/PTCD3/MRPL17/MRPL39/DHX30/MRPS23/MRPS27/MRPS34/MRPS9/MRPL1/MRPL16/MRPL18/MRPL2/MRPL30/MRPL43/MRPL44/MRPS18A/ACAT1/PYCR1/TARS2	25
CC	GO:0005912	adherens junction	14/405	188/19894	3.26445727312495e-05	0.00032448705294862	0.000221983094572496	TNKS1BP1/CTNNB1/CTNNA1/RDX/CNN3/CDH2/MYO1E/PDLIM7/AJUBA/TLN1/PALS1/PKP4/CDH6/LIMD1	14
CC	GO:0000314	organellar small ribosomal subunit	6/405	32/19894	3.96954254872845e-05	0.000379396662830392	0.000259547012801475	PTCD3/MRPS23/MRPS27/MRPS34/MRPS9/MRPS18A	6
CC	GO:0005763	mitochondrial small ribosomal subunit	6/405	32/19894	3.96954254872845e-05	0.000379396662830392	0.000259547012801475	PTCD3/MRPS23/MRPS27/MRPS34/MRPS9/MRPS18A	6
CC	GO:0012507	ER to Golgi transport vesicle membrane	8/405	64/19894	4.49961250384126e-05	0.00042194479517153	0.000288654387038874	SEC16A/SEC23A/SEC24C/SEC31A/SEC13/SEC16B/SEC24A/SEC24B	8
CC	GO:0005832	chaperonin-containing T-complex	4/405	11/19894	4.98641586763493e-05	0.000458934941891585	0.000313959517591829	TCP1/CCT8/CCT4/CCT2	4
CC	GO:0005793	endoplasmic reticulum-Golgi intermediate compartment	11/405	133/19894	8.89189866874985e-05	0.000795832066168596	0.000544432399390991	P4HB/UGGT1/SERPINH1/COPG1/GOLGB1/COPB1/PDIA6/CALR/CTSZ/PALS1/TRIP11	11
CC	GO:0030133	transport vesicle	22/405	434/19894	8.9671218723222e-05	0.000795832066168596	0.000544432399390991	CLTC/SEC16A/CLTCL1/COPG1/SEC23A/COPB1/SEC24C/APP/SEC31A/SEC13/RAB11FIP5/AFTPH/ARCN1/DPYSL3/SEC16B/UNC13B/TRIM9/SEC24A/SEC24B/COPE/ERP29/TRIP11	22
CC	GO:0030126	COPI vesicle coat	4/405	13/19894	0.000104598762363484	0.000912027805169327	0.000623922442168151	COPG1/COPB1/ARCN1/COPE	4
CC	GO:0005604	basement membrane	9/405	92/19894	0.000107557874399245	0.000921659716834911	0.000630511677512817	HSPG2/FBN1/AGRN/CCDC80/LOXL2/DST/LAMC1/LOXL1/TIMP1	9
CC	GO:0031594	neuromuscular junction	8/405	74/19894	0.000128382688256513	0.00108146095022859	0.000739832440800246	TUBA1A/NEFL/APP/LRP4/PRKAR1A/UTRN/UNC13B/SPOCK1	8
CC	GO:0030660	Golgi-associated vesicle membrane	7/405	57/19894	0.000151344908180456	0.00125364032276145	0.000857621146355919	CLTC/CLTCL1/COPG1/COPB1/AFTPH/ARCN1/COPE	7
CC	GO:0101031	protein folding chaperone complex	6/405	42/19894	0.000193547065191196	0.00157693264590204	0.00107878692073781	TCP1/RUVBL1/CCT8/CCT4/CCT2/CCDC47	6
CC	GO:0045121	membrane raft	16/405	286/19894	0.000273714244297979	0.0021941287002596	0.00150101359776311	CTNNB1/CTNNA1/PACSIN2/SERPINH1/APP/LRP4/CAVIN1/CDH2/PRKAR1A/ERLIN1/TRAF2/PGK1/CAPN2/CAV1/EFHD2/LRP8	16
CC	GO:0098857	membrane microdomain	16/405	287/19894	0.000284594652730991	0.00221685549341808	0.00151656110213712	CTNNB1/CTNNA1/PACSIN2/SERPINH1/APP/LRP4/CAVIN1/CDH2/PRKAR1A/ERLIN1/TRAF2/PGK1/CAPN2/CAV1/EFHD2/LRP8	16
CC	GO:0022627	cytosolic small ribosomal subunit	6/405	45/19894	0.000285470325108163	0.00221685549341808	0.00151656110213712	RACK1/RPS20/DDX3X/RPS4Y1/RPSA/RPS17	6
CC	GO:0005790	smooth endoplasmic reticulum	5/405	30/19894	0.000319492954756652	0.00244289228483163	0.00167119391718864	HSP90B1/APP/CALR/PPIB/ERP29	5
CC	GO:0001726	ruffle	12/405	182/19894	0.000366687242967971	0.00276126605689518	0.00188899488801682	ACTN1/PACSIN2/CTTN/SNX9/CYFIP1/MACF1/PDLIM7/TLN1/MYO10/NME1/PSD3/WASF2	12
CC	GO:0030132	clathrin coat of coated pit	4/405	18/19894	0.000412942475641275	0.00297438275932918	0.00203478901040628	CLTC/EPS15/AP2A2/EPS15L1	4
CC	GO:0030663	COPI-coated vesicle membrane	4/405	18/19894	0.000412942475641275	0.00297438275932918	0.00203478901040628	COPG1/COPB1/ARCN1/COPE	4
CC	GO:0031143	pseudopodium	4/405	18/19894	0.000412942475641275	0.00297438275932918	0.00203478901040628	ACTN1/ACTN4/CNP/CAPN2	4
CC	GO:0044853	plasma membrane raft	9/405	113/19894	0.000508574097440224	0.00361087609182559	0.00247021704470966	CTNNB1/CTNNA1/PACSIN2/LRP4/CAVIN1/CDH2/PRKAR1A/CAV1/LRP8	9
CC	GO:0035097	histone methyltransferase complex	7/405	70/19894	0.00054729444210279	0.00383106109471953	0.00262084662415421	RUVBL1/PRMT5/LAS1L/SENP3/BOD1L1/HDAC2/RBBP7	7
CC	GO:0030118	clathrin coat	6/405	51/19894	0.000569672413116492	0.00393232207387356	0.00269011972860565	CLTC/CLTCL1/EPS15/AP2A2/AFTPH/EPS15L1	6
CC	GO:0005798	Golgi-associated vesicle	8/405	94/19894	0.00066659578922261	0.00453833023621421	0.00310469271692722	CLTC/CLTCL1/COPG1/COPB1/APP/AFTPH/ARCN1/COPE	8
CC	GO:1904724	tertiary granule lumen	6/405	55/19894	0.000856506492237746	0.00575248279246162	0.00393530009947073	SPTAN1/CYFIP1/LTF/FTH1/GGH/TIMP2	6
CC	GO:0042564	NLS-dependent protein nuclear import complex	3/405	10/19894	0.00090350016639525	0.00598719443597919	0.0040958674209918	KPNA1/KPNA6/KPNA3	3
CC	GO:0005775	vacuolar lumen	11/405	176/19894	0.000991864129624166	0.00648626937398961	0.00443728689568706	VCP/HSP90AA1/HSPG2/AGRN/CCT8/CCT2/GLB1/FAF2/CTSB/GGH/CTSA	11
CC	GO:0071682	endocytic vesicle lumen	4/405	23/19894	0.00110261624044502	0.00708209546693328	0.00484489428321391	HSP90B1/HSP90AA1/LTF/CALR	4
CC	GO:0043025	neuronal cell body	21/405	488/19894	0.00111147574732554	0.00708209546693328	0.00484489428321391	TUBB4A/CAD/PRPH/HSP90AA1/RACK1/APP/LRP4/SPTBN2/CYFIP1/PPP2R1A/STRN/MAGOHB/MYO10/PALS1/STAU1/STRN3/CAPN2/GIGYF2/LRP8/LMTK2/PURA	21
CC	GO:0030658	transport vesicle membrane	13/405	238/19894	0.00124573161394825	0.00783707103964915	0.00536137656635958	CLTC/SEC16A/CLTCL1/SEC23A/SEC24C/SEC31A/SEC13/RAB11FIP5/AFTPH/SEC16B/UNC13B/SEC24A/SEC24B	13
CC	GO:0005743	mitochondrial inner membrane	21/405	499/19894	0.00146245322016817	0.00908549063029476	0.00621542618571472	ATP5F1B/SLC25A12/MRPL38/MRPL19/PTCD3/MRPL17/MRPL39/CNP/MRPS23/MRPS27/MRPS34/MRPS9/MRPL1/MRPL16/MRPL18/MRPL2/MRPL30/MRPL43/MRPL44/MRPS18A/UQCRC2	21
CC	GO:0030137	COPI-coated vesicle	4/405	25/19894	0.00152541339756719	0.00935963529124563	0.00640296981694872	COPG1/COPB1/ARCN1/COPE	4
CC	GO:0031074	nucleocytoplasmic transport complex	3/405	12/19894	0.00160695310861424	0.00965403721949453	0.0066043715384872	KPNA1/KPNA6/KPNA3	3
CC	GO:0035580	specific granule lumen	6/405	62/19894	0.00161224364027776	0.00965403721949453	0.0066043715384872	SPTAN1/CYFIP1/LTF/CTSZ/GGH/TIMP2	6
CC	GO:0001725	stress fiber	7/405	85/19894	0.00173770612964426	0.0101604699580376	0.00695082451857702	ACTN1/ACTN4/DST/PTK2/LPP/PDLIM7/TRIP6	7
CC	GO:0097517	contractile actin filament bundle	7/405	85/19894	0.00173770612964426	0.0101604699580376	0.00695082451857702	ACTN1/ACTN4/DST/PTK2/LPP/PDLIM7/TRIP6	7
CC	GO:0030139	endocytic vesicle	16/405	350/19894	0.00231912985780601	0.0134024132480184	0.0091686529262098	VIM/CLTC/LRP1/HSP90B1/HSP90AA1/CLTCL1/CTTN/TFRC/LTF/AP2A2/CALR/MYO1E/RAB11FIP5/LDLR/CAV1/TF	16
CC	GO:0030427	site of polarized growth	10/405	169/19894	0.00248751554449945	0.0142102899496118	0.00972132511643463	NEFL/HSP90AA1/CTTN/USP9X/FRYL/APP/CYFIP1/DPYSL3/DOCK7/LMTK2	10
CC	GO:0035578	azurophil granule lumen	7/405	91/19894	0.00256911620023961	0.0143466376575178	0.00981460121439851	VCP/CCT8/CCT2/GLB1/FAF2/GGH/CTSA	7
CC	GO:0042641	actomyosin	7/405	91/19894	0.00256911620023961	0.0143466376575178	0.00981460121439851	ACTN1/ACTN4/DST/PTK2/LPP/PDLIM7/TRIP6	7
CC	GO:0036019	endolysosome	4/405	29/19894	0.00268633823745974	0.0148345567113054	0.0101483888970701	CLTC/AP2A2/LDLR/CTSB	4
CC	GO:0045334	clathrin-coated endocytic vesicle	7/405	93/19894	0.00290508882592616	0.0158662543569813	0.0108541780309329	CLTC/CLTCL1/TFRC/AP2A2/MYO1E/LDLR/TF	7
CC	GO:0032432	actin filament bundle	7/405	95/19894	0.00327371902181814	0.0176851994983002	0.0120985268197627	ACTN1/ACTN4/DST/PTK2/LPP/PDLIM7/TRIP6	7
CC	GO:0016342	catenin complex	4/405	31/19894	0.00344688967065248	0.0184204749066052	0.0126015321292671	CTNNB1/CTNNA1/CDH2/CDH6	4
CC	GO:0005819	spindle	18/405	433/19894	0.00354072931030254	0.0187206645448975	0.0128068932500305	TUBB2A/TUBB2B/TUBB4A/CLTC/TUBB6/CTNNB1/CLTCL1/CTTN/MTCL1/APP/ABRAXAS2/RANGAP1/CEP170/PKP4/PPP2CB/TUBGCP4/SHCBP1/CYLD	18
CC	GO:0005643	nuclear pore	7/405	97/19894	0.00367700789803104	0.0192365571086466	0.0131598177403216	NUP155/KPNA1/SEC13/KPNA3/NUP88/RANGAP1/NUP133	7
CC	GO:0034518	RNA cap binding complex	3/405	17/19894	0.00460566635629163	0.0238439185320515	0.0163117350118662	EIF4G1/EIF4A2/NCBP1	3
CC	GO:0030125	clathrin vesicle coat	4/405	35/19894	0.005381479438464	0.0273310397253898	0.018697290757812	CLTC/CLTCL1/AP2A2/AFTPH	4
CC	GO:0000159	protein phosphatase type 2A complex	3/405	18/19894	0.00544421113242172	0.0273310397253898	0.018697290757812	PPP2R1A/PPP2CB/PPP2R3A	3
CC	GO:0030130	clathrin coat of trans-Golgi network vesicle	3/405	18/19894	0.00544421113242172	0.0273310397253898	0.018697290757812	CLTC/CLTCL1/AFTPH	3
CC	GO:0008180	COP9 signalosome	4/405	36/19894	0.00595857710646446	0.0296141282191284	0.0202591621619792	HSPA6/DOCK7/WDR6/GPS1	4
CC	GO:0030426	growth cone	9/405	164/19894	0.00654565504326349	0.0315854734333863	0.0216077685459786	NEFL/HSP90AA1/CTTN/USP9X/APP/CYFIP1/DPYSL3/DOCK7/LMTK2	9
CC	GO:0070820	tertiary granule	9/405	164/19894	0.00654565504326349	0.0315854734333863	0.0216077685459786	SPTAN1/UBR4/COPB1/CYFIP1/LTF/AP2A2/FTH1/GGH/TIMP2	9
CC	GO:0005901	caveola	6/405	82/19894	0.00654588282422292	0.0315854734333863	0.0216077685459786	CTNNB1/CTNNA1/PACSIN2/CAVIN1/CAV1/LRP8	6
CC	GO:0012510	trans-Golgi network transport vesicle membrane	3/405	20/19894	0.00738062194020447	0.0349349438503012	0.0238991567587573	CLTC/CLTCL1/AFTPH	3
CC	GO:0036020	endolysosome membrane	3/405	20/19894	0.00738062194020447	0.0349349438503012	0.0238991567587573	CLTC/AP2A2/LDLR	3
CC	GO:0005874	microtubule	18/405	468/19894	0.00776248382797759	0.0363957968160836	0.0248985330331357	TUBB2A/TUBB2B/TUBB4A/CLTC/TUBA1A/TUBB6/TCP1/CCT8/CCT4/CCT2/MTCL1/DST/MACF1/ABRAXAS2/DPYSL2/CEP170/TUBGCP4/CYLD	18
CC	GO:0055037	recycling endosome	10/405	206/19894	0.00982274043708871	0.0456252523105896	0.0312124462486931	TUBA1A/PACSIN2/APP/TFRC/LTF/RAB11FIP5/EEA1/TUBGCP4/LMTK2/TF	10
CC	GO:0031091	platelet alpha granule	6/405	91/19894	0.0107100755318298	0.0488340141221963	0.033407575053414	THBS1/ACTN1/ACTN4/APP/APLP2/TIMP1	6
CC	GO:0071013	catalytic step 2 spliceosome	6/405	91/19894	0.0107100755318298	0.0488340141221963	0.033407575053414	HNRNPA3/MTREX/SNRPB2/CRNKL1/MAGOHB/SNRPD1	6
CC	GO:0016327	apicolateral plasma membrane	3/405	23/19894	0.0109616030908702	0.0495265157832952	0.0338813186445078	CTNNB1/MTCL1/CDH2	3
MF	GO:0045296	cadherin binding	38/407	333/18522	7.66834867082078e-17	4.34028534768456e-14	3.30949784740686e-14	TNKS1BP1/RARS1/SPTAN1/MYO1B/CTNNB1/CTNNA1/RUVBL1/CCT8/PACSIN2/CTTN/YWHAE/CAPZA1/CAPZB/EPS15/EIF3E/RACK1/RDX/LARP1/SNX9/YWHAB/SPTBN2/DDX3X/CNN3/FASN/CDH2/MACF1/TLN1/ZC3HAV1/EIF2S3/LRRFIP1/UNC45A/RANGAP1/EPS15L1/PKP4/CDH6/EFHD2/GIGYF2/WASF2	38
MF	GO:0003743	translation initiation factor activity	16/407	51/18522	7.83804632029519e-15	2.21816710864354e-12	1.69136789016896e-12	EIF3A/EIF3C/EIF3L/EIF3B/EIF3E/EIF3D/EIF3F/EIF4G1/EIF4A2/EIF3I/EIF3H/EIF3M/EIF2S3/EIF3K/EIF2B4/EIF2B3	16
MF	GO:0004812	aminoacyl-tRNA ligase activity	14/407	41/18522	1.00710114420515e-13	1.42504811905028e-11	1.08660912927397e-11	EPRS1/RARS1/DARS1/IARS1/QARS1/KARS1/MARS1/LARS1/TARS1/TARS3/GARS1/NARS1/HARS1/TARS2	14
MF	GO:0016875	ligase activity, forming carbon-oxygen bonds	14/407	41/18522	1.00710114420515e-13	1.42504811905028e-11	1.08660912927397e-11	EPRS1/RARS1/DARS1/IARS1/QARS1/KARS1/MARS1/LARS1/TARS1/TARS3/GARS1/NARS1/HARS1/TARS2	14
MF	GO:0090079	translation regulator activity, nucleic acid binding	18/407	108/18522	2.23913286790671e-11	2.5346984064704e-09	1.93272521229842e-09	EIF3A/EIF3C/EIF3L/EIF3B/EIF3E/EIF3D/EIF3F/LARP1/EIF4G1/EIF4A2/EIF3I/EIF3H/EIF3M/EIF2S3/EIF3K/EIF2B4/PURA/EIF2B3	18
MF	GO:0008135	translation factor activity, RNA binding	16/407	84/18522	3.59922678973438e-11	3.39527060498276e-09	2.58891751542297e-09	EIF3A/EIF3C/EIF3L/EIF3B/EIF3E/EIF3D/EIF3F/EIF4G1/EIF4A2/EIF3I/EIF3H/EIF3M/EIF2S3/EIF3K/EIF2B4/EIF2B3	16
MF	GO:0016874	ligase activity	21/407	166/18522	1.07178991829289e-10	8.66618705362538e-09	6.60802806767046e-09	CAD/EPRS1/RARS1/DARS1/IARS1/QARS1/KARS1/MARS1/LARS1/TARS1/ACACA/TARS3/ATP5F1B/UBA7/GARS1/NARS1/HARS1/CTPS2/CTPS1/ACSL3/TARS2	21
MF	GO:0140098	catalytic activity, acting on RNA	28/407	390/18522	4.45298352262523e-08	3.15048584225735e-06	2.4022674266794e-06	EPRS1/RARS1/DARS1/IARS1/QARS1/KARS1/MARS1/LARS1/CNOT1/TARS1/TARS3/EIF4A2/UPF1/DDX3X/MTREX/TGS1/GARS1/AGO3/DHX30/POLR2H/DDX27/NARS1/CNOT2/CNOT6L/HARS1/CNOT6/CNOT8/TARS2	28
MF	GO:0051082	unfolded protein binding	15/407	122/18522	7.52943165323639e-08	4.73517590636866e-06	3.61060465242915e-06	HSP90B1/HSP90AA1/HSPA6/TCP1/UGGT1/CCT8/CCT4/SERPINH1/CCT2/HSP90AB2P/CALR/NAP1L4/DNAJA1/PPIB/PPIA	15
MF	GO:0019903	protein phosphatase binding	16/407	142/18522	9.57614476678921e-08	5.42009793800269e-06	4.1328624782985e-06	VCP/HSP90B1/HSP90AA1/CTNNB1/YWHAE/PPP6R3/RACK1/PPP6R1/PPP6R2/PTK2/CDH2/STRN/TRAF2/STAU1/STRN3/RPA2	16
MF	GO:0044183	protein folding chaperone	11/407	69/18522	2.92807710555934e-07	1.50662876522417e-05	1.14881494093716e-05	HSP90B1/HSP90AA1/HSPA6/TCP1/CCT8/CCT4/KHSRP/CCT2/HSP90AB2P/CALR/CCDC47	11
MF	GO:0031369	translation initiation factor binding	8/407	32/18522	3.36244437128768e-07	1.58595292845735e-05	1.20930016862101e-05	EIF3C/EIF3B/EIF3F/LARP1/EIF4G1/DDX3X/EIF3M/EIF2B4	8
MF	GO:0140101	catalytic activity, acting on a tRNA	14/407	130/18522	1.05860665920246e-06	4.60901053160456e-05	3.51440267427537e-05	EPRS1/RARS1/DARS1/IARS1/QARS1/KARS1/MARS1/LARS1/TARS1/TARS3/GARS1/NARS1/HARS1/TARS2	14
MF	GO:0031625	ubiquitin protein ligase binding	22/407	305/18522	1.1749281857712e-06	4.75006680818926e-05	3.62195906891872e-05	VCP/HSP90AA1/CTNNB1/TCP1/YWHAE/CCT2/SNX9/SQSTM1/TRIM28/CALR/PRKAR1A/DNAJA1/ERLIN1/RANGAP1/TRAF2/BAG4/HERC2/FAF2/CACYBP/CUL5/PSMA3/RPA2	22
MF	GO:0000049	tRNA binding	11/407	80/18522	1.35480779086874e-06	5.1121413975447e-05	3.89804346846443e-05	RARS1/IARS1/KARS1/MARS1/AIMP1/TARS1/ELP1/EIF2S3/WDR6/SLFN11/MRPS27	11
MF	GO:0003735	structural constituent of ribosome	16/407	176/18522	1.79270051585364e-06	6.34167807483224e-05	4.83557375986836e-05	RPS20/MRPL19/RPS4Y1/RPSA/MRPL17/MRPS23/RPS17/MRPS34/MRPS9/MRPL1/MRPL16/MRPL18/MRPL2/MRPL30/MRPL43/MRPS18A	16
MF	GO:0140662	ATP-dependent protein folding chaperone	8/407	40/18522	2.1078783440162e-06	7.01799495713628e-05	5.35127009936e-05	HSP90B1/HSP90AA1/HSPA6/TCP1/CCT8/CCT4/CCT2/HSP90AB2P	8
MF	GO:0044389	ubiquitin-like protein ligase binding	22/407	324/18522	3.17444004414482e-06	9.98185036103315e-05	7.61123051520103e-05	VCP/HSP90AA1/CTNNB1/TCP1/YWHAE/CCT2/SNX9/SQSTM1/TRIM28/CALR/PRKAR1A/DNAJA1/ERLIN1/RANGAP1/TRAF2/BAG4/HERC2/FAF2/CACYBP/CUL5/PSMA3/RPA2	22
MF	GO:0019902	phosphatase binding	16/407	189/18522	4.54521307086411e-06	0.000135399505163636	0.000103243066983617	VCP/HSP90B1/HSP90AA1/CTNNB1/YWHAE/PPP6R3/RACK1/PPP6R1/PPP6R2/PTK2/CDH2/STRN/TRAF2/STAU1/STRN3/RPA2	16
MF	GO:0043022	ribosome binding	12/407	110/18522	5.44681796665848e-06	0.000149937202603047	0.000114328162669238	EIF3C/RACK1/LARP1/DDX3X/GEMIN5/RPSA/PTCD3/EIF3K/CCDC47/NME1/MRPS27/CPSF6	12
MF	GO:0004535	poly(A)-specific ribonuclease activity	5/407	13/18522	5.56304108597877e-06	0.000149937202603047	0.000114328162669238	CNOT1/CNOT2/CNOT6L/CNOT6/CNOT8	5
MF	GO:0005200	structural constituent of cytoskeleton	12/407	112/18522	6.57533399295311e-06	0.000169165410909612	0.000128989805603386	VIM/TUBB2A/TUBB2B/TUBB4A/TUBA1A/TUBB6/NEFL/SPTAN1/AGRN/SPTBN2/TLN1/TUBGCP4	12
MF	GO:0140313	molecular sequestering activity	8/407	49/18522	1.03997705930909e-05	0.000255924789377802	0.000195144436758227	PRDX4/YWHAE/USP9X/YWHAG/SQSTM1/CALR/CAV1/FTH1	8
MF	GO:0005516	calmodulin binding	16/407	205/18522	1.27733449763549e-05	0.000301238052359036	0.000229696115802873	SPTAN1/MYO1B/UBR4/PHKB/CNN3/PHKA2/CEP97/MYO1E/STRN/PHKG2/MYO10/PHKA1/UNC13B/SNTB1/STRN3/EEA1	16
MF	GO:0051015	actin filament binding	16/407	208/18522	1.53156587789093e-05	0.000346746514754507	0.000264396635762224	SPTAN1/ACTN1/MYO1B/ACTN4/CTNNA1/CAPZA1/CAPZB/SPTBN2/CNN3/CAPZA2/CYFIP1/MACF1/MYO1E/AJUBA/TLN1/MYO10	16
MF	GO:0016887	ATP hydrolysis activity	24/407	417/18522	1.88544382731448e-05	0.000410446617792306	0.000312968408582566	VCP/HSP90B1/HSP90AA1/HSPA6/TCP1/RUVBL1/CCT8/CCT4/CCT2/HSP90AB2P/EIF4A2/UPF1/ATP5F1B/WRNIP1/DDX3X/MTREX/TRIP13/MYO1E/PSMC1/DHX30/DDX27/SLFN11/PSMC4/GPN1	24
MF	GO:0043021	ribonucleoprotein complex binding	14/407	169/18522	2.28190141264111e-05	0.000478354147983284	0.000364748373950431	EIF3C/RACK1/PRMT5/LARP1/DDX3X/GEMIN5/RPSA/SNRPB2/PTCD3/EIF3K/CCDC47/NME1/MRPS27/CPSF6	14
MF	GO:0003725	double-stranded RNA binding	9/407	73/18522	3.06358687763304e-05	0.000619282204550108	0.00047220699993592	VIM/CLTC/ACTN1/TFRC/AGO3/DHX30/LRRFIP1/STAU1/MRPL44	9
MF	GO:0003779	actin binding	24/407	434/18522	3.58984217428966e-05	0.000700638162292395	0.000534241485102998	SPTAN1/ACTN1/MYO1B/ACTN4/CTNNA1/P4HB/CAPZA1/CAPZB/RDX/SPTBN2/CNN3/CAPZA2/CYFIP1/DST/PTK2/MACF1/MYO1E/PDLIM7/AJUBA/TLN1/MYO10/UTRN/SNTB1/WASF2	24
MF	GO:0000339	RNA cap binding	5/407	19/18522	4.50725504282064e-05	0.000850368784745493	0.000648412128967179	EIF3D/LARP1/CYFIP1/GEMIN5/NCBP1	5
MF	GO:0140142	nucleocytoplasmic carrier activity	6/407	32/18522	6.05777047042575e-05	0.00110603164072935	0.000843356839685758	KPNA1/KPNA6/CALR/KPNA3/XPO1/IPO9	6
MF	GO:0000340	RNA 7-methylguanosine cap binding	4/407	12/18522	9.88735898046876e-05	0.00169583187361979	0.00129308363061952	LARP1/CYFIP1/GEMIN5/NCBP1	4
MF	GO:0017166	vinculin binding	4/407	12/18522	9.88735898046876e-05	0.00169583187361979	0.00129308363061952	ACTN1/CTNNA1/TLN1/UTRN	4
MF	GO:0005178	integrin binding	12/407	157/18522	0.000186924873943351	0.00309783762096837	0.00236212279077	THBS1/ACTN1/ACTN4/FBN1/P4HB/LTBP4/DST/PTK2/CALR/TLN1/UTRN/PPIA	12
MF	GO:0015036	disulfide oxidoreductase activity	6/407	39/18522	0.000191562397056348	0.00309783762096837	0.00236212279077	P4HB/DNAJC10/PDIA6/PGK1/TXNRD1/TMX2	6
MF	GO:0051020	GTPase binding	18/407	313/18522	0.000208598481687536	0.00327963168430959	0.0025007420319266	EPRS1/IARS1/HSP90AA1/AIMP1/PPP6R1/CYFIP1/RAB11FIP5/DOCK7/UNC13B/ANKFY1/RANGAP1/XPO1/RUSC2/STRN3/CAV1/IPO9/PEX5/TRIP11	18
MF	GO:0140104	molecular carrier activity	9/407	95/18522	0.000242615340382067	0.00371135899070946	0.00282993711398713	KPNA1/KPNA6/CALR/NAP1L1/KPNA3/XPO1/IPO9/PEX5/TF	9
MF	GO:0005041	low-density lipoprotein particle receptor activity	4/407	15/18522	0.000258744556210512	0.00385393207408289	0.00293865008438532	LRP1/VLDLR/LDLR/LRP8	4
MF	GO:0070325	lipoprotein particle receptor binding	5/407	29/18522	0.000384156367226965	0.00557519240642211	0.00425112309212026	CLTC/LRP1/HSP90B1/HSPG2/DNAJA1	5
MF	GO:0004857	enzyme inhibitor activity	20/407	389/18522	0.000411177882417436	0.00581816703620672	0.00443639294187234	QARS1/THBS1/SERPINH1/RACK1/YWHAG/APP/YWHAB/RPS20/LTF/RNH1/PRKAR1A/APLP2/FAF2/SET/CAV1/GPS1/TIMP1/TIMP2/LMTK2/SPOCK1	20
MF	GO:0034185	apolipoprotein binding	4/407	17/18522	0.000435698059725809	0.00587155004297162	0.00447709785683163	LRP1/LRP4/VLDLR/LRP8	4
MF	GO:0043024	ribosomal small subunit binding	4/407	17/18522	0.000435698059725809	0.00587155004297162	0.00447709785683163	LARP1/DDX3X/PTCD3/NME1	4
MF	GO:0030228	lipoprotein particle receptor activity	4/407	18/18522	0.000550520569857466	0.00724638703579827	0.0055254206521802	LRP1/VLDLR/LDLR/LRP8	4
MF	GO:0097718	disordered domain specific binding	5/407	32/18522	0.0006171352011586	0.0079386028149038	0.00605324001136425	CLTC/HSP90AA1/CTNNB1/HSP90AB2P/AP2A2	5
MF	GO:0019843	rRNA binding	7/407	67/18522	0.000656902944290864	0.00826237925485842	0.00630012180489484	CAVIN1/RPS4Y1/PTCD3/MRPS27/MRPL16/MRPL18/MRPS18A	7
MF	GO:0015035	protein-disulfide reductase activity	5/407	33/18522	0.000714359685395893	0.00865480416936043	0.0065993485390325	P4HB/DNAJC10/PDIA6/PGK1/TXNRD1	5
MF	GO:0005518	collagen binding	7/407	68/18522	0.000718685151872686	0.00865480416936043	0.0065993485390325	THBS1/HSPG2/SERPINH1/P3H4/PPIB/LOX/CTSB	7
MF	GO:0061608	nuclear import signal receptor activity	4/407	20/18522	0.000841879132556953	0.00992715810473407	0.00756952728834103	KPNA1/KPNA6/KPNA3/IPO9	4
MF	GO:0003713	transcription coactivator activity	15/407	271/18522	0.00101892421861101	0.0117696144435476	0.00897441309625164	TRIM21/ACTN1/ACTN4/CTNNB1/RUVBL1/MAGED1/TRIM28/CNOT9/SMARCC1/TRIM5/WDR77/TGFB1I1/CNOT6/DYRK1A/TRIP11	15
MF	GO:0000175	3'-5'-RNA exonuclease activity	5/407	36/18522	0.00107511143928182	0.0118085692097753	0.00900411637717662	CNOT1/CNOT2/CNOT6L/CNOT6/CNOT8	5
MF	GO:0038024	cargo receptor activity	7/407	73/18522	0.00109992633160451	0.0118085692097753	0.00900411637717662	LRP1/LGALS3BP/TFRC/VLDLR/LDLR/MIA3/LRP8	7
MF	GO:0008190	eukaryotic initiation factor 4E binding	3/407	10/18522	0.0011266126101199	0.0118085692097753	0.00900411637717662	LARP1/EIF4G1/DDX3X	3
MF	GO:0045294	alpha-catenin binding	3/407	10/18522	0.0011266126101199	0.0118085692097753	0.00900411637717662	CTNNB1/CDH2/AJUBA	3
MF	GO:0050815	phosphoserine residue binding	3/407	10/18522	0.0011266126101199	0.0118085692097753	0.00900411637717662	YWHAE/YWHAG/YWHAB	3
MF	GO:0016667	oxidoreductase activity, acting on a sulfur group of donors	6/407	54/18522	0.00114978136937079	0.0118322955466158	0.00902220787448851	P4HB/DNAJC10/PDIA6/PGK1/TXNRD1/TMX2	6
MF	GO:0050750	low-density lipoprotein particle receptor binding	4/407	24/18522	0.00172266893795954	0.0173425348006794	0.0132238037349425	CLTC/HSP90B1/HSPG2/DNAJA1	4
MF	GO:0016896	RNA exonuclease activity, producing 5'-phosphomonoesters	5/407	40/18522	0.00174650968840764	0.0173425348006794	0.0132238037349425	CNOT1/CNOT2/CNOT6L/CNOT6/CNOT8	5
MF	GO:0008408	3'-5' exonuclease activity	6/407	60/18522	0.00199616544075604	0.0191764606673812	0.0146221849983751	CNOT1/CNOT2/CNOT6L/NME1/CNOT6/CNOT8	6
MF	GO:0070008	serine-type exopeptidase activity	3/407	12/18522	0.00199895968087542	0.0191764606673812	0.0146221849983751	CPD/TPP2/CTSA	3
MF	GO:0004532	RNA exonuclease activity	5/407	42/18522	0.00217839018695805	0.0205494807636376	0.0156691223974176	CNOT1/CNOT2/CNOT6L/CNOT6/CNOT8	5
MF	GO:0002161	aminoacyl-tRNA editing activity	3/407	13/18522	0.00255654410170082	0.0237213764190601	0.0180877149559506	IARS1/LARS1/TARS2	3
MF	GO:0045182	translation regulator activity	19/407	432/18522	0.00341898333804413	0.0312120091827899	0.0237993746790848	EIF3A/EIF3C/EIF3L/EIF3B/EIF3E/RACK1/EIF3D/EIF3F/LARP1/EIF4G1/EIF4A2/EIF3I/EIF3H/EIF3M/EIF2S3/EIF3K/EIF2B4/PURA/EIF2B3	19
MF	GO:0043236	laminin binding	4/407	29/18522	0.00353174311135875	0.0312338531410789	0.0238160308496231	THBS1/AGRN/RPSA/TINAGL1	4
MF	GO:0140311	protein sequestering activity	4/407	29/18522	0.00353174311135875	0.0312338531410789	0.0238160308496231	YWHAE/YWHAG/SQSTM1/CAV1	4
MF	GO:0031267	small GTPase binding	14/407	281/18522	0.00387187916124743	0.0337151323887084	0.0257080235807522	PPP6R1/CYFIP1/RAB11FIP5/DOCK7/UNC13B/ANKFY1/RANGAP1/XPO1/RUSC2/STRN3/CAV1/IPO9/PEX5/TRIP11	14
MF	GO:0016812	hydrolase activity, acting on carbon-nitrogen (but not peptide) bonds, in cyclic amides	3/407	15/18522	0.00393671907272244	0.0337603484115288	0.025742501113496	CAD/DPYSL3/DPYSL2	3
MF	GO:0019888	protein phosphatase regulator activity	7/407	93/18522	0.00440472875312552	0.0365497581885249	0.0278694455222154	PPP6R3/PPP6R1/PPP6R2/PPP2R1A/SET/PPP2R3A/LMTK2	7
MF	GO:0008327	methyl-CpG binding	4/407	31/18522	0.00452028811518859	0.0365497581885249	0.0278694455222154	PRMT5/WDR77/PRMT1/ERH	4
MF	GO:0071813	lipoprotein particle binding	4/407	31/18522	0.00452028811518859	0.0365497581885249	0.0278694455222154	THBS1/VLDLR/LDLR/LRP8	4
MF	GO:0071814	protein-lipid complex binding	4/407	31/18522	0.00452028811518859	0.0365497581885249	0.0278694455222154	THBS1/VLDLR/LDLR/LRP8	4
MF	GO:0008191	metalloendopeptidase inhibitor activity	3/407	16/18522	0.00476695427693726	0.0374735572325901	0.0285738487360274	TIMP1/TIMP2/SPOCK1	3
MF	GO:0016641	oxidoreductase activity, acting on the CH-NH2 group of donors, oxygen as acceptor	3/407	16/18522	0.00476695427693726	0.0374735572325901	0.0285738487360274	LOXL2/LOXL1/LOX	3
MF	GO:0004860	protein kinase inhibitor activity	6/407	73/18522	0.00535108221145129	0.0414892127627593	0.0316358140835621	QARS1/RACK1/YWHAG/YWHAB/PRKAR1A/CAV1	6
MF	GO:0051018	protein kinase A binding	5/407	53/18522	0.00603850981586562	0.0461864399429722	0.0352174825676373	RDX/AKAP8L/PJA2/PRKAR1A/WASF2	5
