"canonicalName","DEGREE","Gene","id","MCODE_CLUSTER_ID","MCODE_SCORE","MCODE_TYPE","name","selected","shared name","Symbol"
"YWHAE","79.0","7531","7531","4.0","4.090909090909091","Clustered","7531","false","7531","YWHAE"
"YWHAG","61.0","7532","7532","3.0","2.4347826086956523","Clustered","7532","false","7532","YWHAG"
"SF1","32.0","7536","7536","9.0","1.5","Clustered","7536","false","7536","SF1"
"LRP8","8.0","7804","7804","0.0","0.0","","7804","false","7804","LRP8"
"TUBA1A","65.0","7846","7846","4.0","4.090909090909091","Clustered","7846","false","7846","TUBA1A"
"AIMP2","58.0","7965","7965","8.0","2.8823529411764706","Clustered","7965","false","7965","AIMP2"
"CUL5","42.0","8065","8065","1.0","7.3478260869565215","Clustered","8065","false","8065","CUL5"
"ANP32A","12.0","8125","8125","0.0","0.0","","8125","false","8125","ANP32A"
"GAN","33.0","8139","8139","0.0","0.0","","8139","false","8139","GAN"
"CLTCL1","46.0","8218","8218","1.0","7.3478260869565215","Clustered","8218","false","8218","CLTCL1"
"USP9X","32.0","8239","8239","11.0","1.0","Clustered","8239","false","8239","USP9X"
"EEA1","16.0","8411","8411","0.0","0.0","","8411","false","8411","EEA1"
"LTBP4","4.0","8425","8425","0.0","0.0","","8425","false","8425","LTBP4"
"PKP4","7.0","8502","8502","0.0","0.0","","8502","false","8502","PKP4"
"NIPSNAP1","13.0","8508","8508","0.0","0.0","","8508","false","8508","NIPSNAP1"
"ELP1","18.0","8518","8518","0.0","0.0","","8518","false","8518","ELP1"
"KHSRP","16.0","8570","8570","0.0","0.0","","8570","false","8570","KHSRP"
"SLC25A12","12.0","8604","8604","0.0","0.0","","8604","false","8604","SLC25A12"
"RUVBL1","47.0","8607","8607","7.0","1.4210526315789473","Clustered","8607","false","8607","RUVBL1"
"EIF3A","54.0","8661","8661","2.0","9.114285714285714","Clustered","8661","false","8661","EIF3A"
"EIF3B","43.0","8662","8662","2.0","9.114285714285714","Clustered","8662","false","8662","EIF3B"
"EIF3C","54.0","8663","8663","2.0","9.114285714285714","Clustered","8663","false","8663","EIF3C"
"EIF3D","40.0","8664","8664","2.0","9.114285714285714","Clustered","8664","false","8664","EIF3D"
"EIF3F","46.0","8665","8665","2.0","9.114285714285714","Clustered","8665","false","8665","EIF3F"
"EIF3H","38.0","8667","8667","2.0","9.114285714285714","Clustered","8667","false","8667","EIF3H"
"EIF3I","50.0","8668","8668","2.0","9.114285714285714","Clustered","8668","false","8668","EIF3I"
"GGH","12.0","8836","8836","0.0","0.0","","8836","false","8836","GGH"
"SQSTM1","87.0","8878","8878","8.0","2.8823529411764706","Clustered","8878","false","8878","SQSTM1"
"FUBP1","11.0","8880","8880","0.0","0.0","","8880","false","8880","FUBP1"
"EIF2B4","16.0","8890","8890","3.0","2.4347826086956523","Clustered","8890","false","8890","EIF2B4"
"EIF2B3","14.0","8891","8891","3.0","2.4347826086956523","Seed","8891","false","8891","EIF2B3"
"HERC2","51.0","8924","8924","0.0","0.0","","8924","false","8924","HERC2"
"LIMD1","16.0","8994","8994","5.0","2.047619047619048","Clustered","8994","false","8994","LIMD1"
"MAP3K6","4.0","9064","9064","0.0","0.0","","9064","false","9064","MAP3K6"
"USP10","63.0","9100","9100","8.0","2.8823529411764706","Clustered","9100","false","9100","USP10"
"CNOT9","30.0","9125","9125","4.0","4.090909090909091","Clustered","9125","false","9125","CNOT9"
"LRRFIP1","20.0","9208","9208","5.0","2.047619047619048","Seed","9208","false","9208","LRRFIP1"
"AIMP1","33.0","9255","9255","4.0","4.090909090909091","Clustered","9255","false","9255","AIMP1"
"PDLIM7","22.0","9260","9260","7.0","1.4210526315789473","Clustered","9260","false","9260","PDLIM7"
"TRIP13","9.0","9319","9319","0.0","0.0","","9319","false","9319","TRIP13"
"TRIP11","7.0","9321","9321","0.0","0.0","","9321","false","9321","TRIP11"
"CNOT8","23.0","9337","9337","4.0","4.090909090909091","Clustered","9337","false","9337","CNOT8"
"MAGED1","21.0","9500","9500","12.0","1.0","Clustered","9500","false","9500","MAGED1"
"EEF1E1","21.0","9521","9521","4.0","4.090909090909091","Seed","9521","false","9521","EEF1E1"
"BAG4","13.0","9530","9530","0.0","0.0","","9530","false","9530","BAG4"
"APOBEC3B","9.0","9582","9582","0.0","0.0","","9582","false","9582","APOBEC3B"
"NUP155","41.0","9631","9631","3.0","2.4347826086956523","Clustered","9631","false","9631","NUP155"
"SEC24C","30.0","9632","9632","1.0","7.3478260869565215","Clustered","9632","false","9632","SEC24C"
"PPP6R2","11.0","9701","9701","0.0","0.0","","9701","false","9701","PPP6R2"
"SART3","20.0","9733","9733","3.0","2.4347826086956523","Clustered","9733","false","9733","SART3"
"CCP110","20.0","9738","9738","3.0","2.4347826086956523","Clustered","9738","false","9738","CCP110"
"MRPL19","25.0","9801","9801","2.0","9.114285714285714","Clustered","9801","false","9801","MRPL19"
"ARHGEF17","4.0","9828","9828","0.0","0.0","","9828","false","9828","ARHGEF17"
"RUSC2","2.0","9853","9853","0.0","0.0","","9853","false","9853","RUSC2"
"FARP2","8.0","9855","9855","0.0","0.0","","9855","false","9855","FARP2"
"CEP170","19.0","9859","9859","5.0","2.047619047619048","Clustered","9859","false","9859","CEP170"
"PJA2","8.0","9867","9867","12.0","1.0","Seed","9867","false","9867","PJA2"
"SEC16A","42.0","9919","9919","1.0","7.3478260869565215","Clustered","9919","false","9919","SEC16A"
"USP15","44.0","9958","9958","9.0","1.5","Clustered","9958","false","9958","USP15"
"PARP2","7.0","10038","10038","0.0","0.0","","10038","false","10038","PARP2"
"HUWE1","72.0","10075","10075","3.0","2.4347826086956523","Clustered","10075","false","10075","HUWE1"
"ACTR1A","29.0","10121","10121","0.0","0.0","","10121","false","10121","ACTR1A"
"PDIA6","23.0","10130","10130","0.0","0.0","","10130","false","10130","PDIA6"
"TRIM28","102.0","10155","10155","3.0","2.4347826086956523","Clustered","10155","false","10155","TRIM28"
"WASF2","6.0","10163","10163","0.0","0.0","","10163","false","10163","WASF2"
"DCAF7","25.0","10238","10238","0.0","0.0","","10238","false","10238","DCAF7"
"TFG","20.0","10342","10342","1.0","7.3478260869565215","Clustered","10342","false","10342","TFG"
"TUBB4A","70.0","10382","10382","1.0","7.3478260869565215","Clustered","10382","false","10382","TUBB4A"
"RACK1","57.0","10399","10399","2.0","9.114285714285714","Clustered","10399","false","10399","RACK1"
"PRMT5","54.0","10419","10419","1.0","7.3478260869565215","Clustered","10419","false","10419","PRMT5"
"SEC24B","29.0","10427","10427","1.0","7.3478260869565215","Clustered","10427","false","10427","SEC24B"
"RBM14","29.0","10432","10432","5.0","2.047619047619048","Clustered","10432","false","10432","RBM14"
"EIF3M","31.0","10480","10480","2.0","9.114285714285714","Clustered","10480","false","10480","EIF3M"
"SEC23A","34.0","10484","10484","1.0","7.3478260869565215","Clustered","10484","false","10484","SEC23A"
"UNC13B","2.0","10497","10497","0.0","0.0","","10497","false","10497","UNC13B"
"ZNRD2","20.0","10534","10534","0.0","0.0","","10534","false","10534","ZNRD2"
"PRDX4","36.0","10549","10549","7.0","1.4210526315789473","Clustered","10549","false","10549","PRDX4"
"MRPL28","22.0","10573","10573","2.0","9.114285714285714","Clustered","10573","false","10573","MRPL28"
"CCT4","57.0","10575","10575","1.0","7.3478260869565215","Clustered","10575","false","10575","CCT4"
"CCT2","47.0","10576","10576","1.0","7.3478260869565215","Clustered","10576","false","10576","CCT2"
"P3H4","2.0","10609","10609","0.0","0.0","","10609","false","10609","P3H4"
"ERLIN1","8.0","10613","10613","0.0","0.0","","10613","false","10613","ERLIN1"
"RBCK1","11.0","10616","10616","9.0","1.5","Clustered","10616","false","10616","RBCK1"
"CCT8","77.0","10694","10694","1.0","7.3478260869565215","Clustered","10694","false","10694","CCT8"
"SEC24A","31.0","10802","10802","1.0","7.3478260869565215","Clustered","10802","false","10802","SEC24A"
"ERP29","7.0","10961","10961","0.0","0.0","","10961","false","10961","ERP29"
"CPSF6","38.0","11052","11052","5.0","2.047619047619048","Clustered","11052","false","11052","CPSF6"
"WDR6","12.0","11180","11180","0.0","0.0","","11180","false","11180","WDR6"
"PACSIN2","10.0","11252","11252","0.0","0.0","","11252","false","11252","PACSIN2"
"COPE","19.0","11316","11316","0.0","0.0","","11316","false","11316","COPE"
"GPN1","15.0","11321","11321","3.0","2.4347826086956523","Clustered","11321","false","11321","GPN1"
"COPG1","30.0","22820","22820","8.0","2.8823529411764706","Clustered","22820","false","22820","COPG1"
"LMTK2","5.0","22853","22853","0.0","0.0","","22853","false","22853","LMTK2"
"PPP6R1","14.0","22870","22870","7.0","1.4210526315789473","Clustered","22870","false","22870","PPP6R1"
"SEC31A","26.0","22872","22872","1.0","7.3478260869565215","Clustered","22872","false","22872","SEC31A"
"DHX30","25.0","22907","22907","0.0","0.0","","22907","false","22907","DHX30"
"CNOT1","47.0","23019","23019","8.0","2.8823529411764706","Clustered","23019","false","23019","CNOT1"
"MRPS27","26.0","23107","23107","2.0","9.114285714285714","Clustered","23107","false","23107","MRPS27"
"ABRAXAS2","7.0","23172","23172","0.0","0.0","","23172","false","23172","ABRAXAS2"
"LARP4B","18.0","23185","23185","0.0","0.0","","23185","false","23185","LARP4B"
"CYFIP1","10.0","23191","23191","0.0","0.0","","23191","false","23191","CYFIP1"
"FAM120A","30.0","23196","23196","1.0","7.3478260869565215","Clustered","23196","false","23196","FAM120A"
"FAF2","32.0","23197","23197","0.0","0.0","","23197","false","23197","FAF2"
"ANKRD28","28.0","23243","23243","7.0","1.4210526315789473","Clustered","23243","false","23243","ANKRD28"
"MTCL1","7.0","23255","23255","0.0","0.0","","23255","false","23255","MTCL1"
"UBR4","22.0","23352","23352","0.0","0.0","","23352","false","23352","UBR4"
"PSD3","2.0","23362","23362","0.0","0.0","","23362","false","23362","PSD3"
"LARP1","36.0","23367","23367","8.0","2.8823529411764706","Clustered","23367","false","23367","LARP1"
"MACF1","15.0","23499","23499","0.0","0.0","","23499","false","23499","MACF1"
"MTREX","35.0","23517","23517","1.0","7.3478260869565215","Clustered","23517","false","23517","MTREX"
"KPNA6","19.0","23633","23633","0.0","0.0","","23633","false","23633","KPNA6"
"NOL11","5.0","25926","25926","0.0","0.0","","25926","false","25926","NOL11"
"GEMIN5","30.0","25929","25929","5.0","2.047619047619048","Clustered","25929","false","25929","GEMIN5"
"KANK2","9.0","25959","25959","0.0","0.0","","25959","false","25959","KANK2"
"RAB11FIP5","9.0","26056","26056","0.0","0.0","","26056","false","26056","RAB11FIP5"
"GIGYF2","27.0","26058","26058","6.0","2.1","Clustered","26058","false","26058","GIGYF2"
"TOR1AIP1","10.0","26092","26092","0.0","0.0","","26092","false","26092","TOR1AIP1"
"SENP3","25.0","26168","26168","0.0","0.0","","26168","false","26168","SENP3"
"ARFGAP3","14.0","26286","26286","3.0","2.4347826086956523","Clustered","26286","false","26286","ARFGAP3"
"AKAP8L","9.0","26993","26993","0.0","0.0","","26993","false","26993","AKAP8L"
"CACYBP","14.0","27101","27101","0.0","0.0","","27101","false","27101","CACYBP"
"TUBGCP4","13.0","27229","27229","0.0","0.0","","27229","false","27229","TUBGCP4"
"PDCD4","22.0","27250","27250","0.0","0.0","","27250","false","27250","PDCD4"
"EIF3K","25.0","27335","27335","2.0","9.114285714285714","Seed","27335","false","27335","EIF3K"
"MRPL18","23.0","29074","29074","2.0","9.114285714285714","Clustered","29074","false","29074","MRPL18"
"PACSIN3","4.0","29763","29763","0.0","0.0","","29763","false","29763","PACSIN3"
"TRA2A","26.0","29896","29896","1.0","7.3478260869565215","Clustered","29896","false","29896","TRA2A"
"STRN3","18.0","29966","29966","3.0","2.4347826086956523","Clustered","29966","false","29966","STRN3"
"MRPL2","30.0","51069","51069","2.0","9.114285714285714","Clustered","51069","false","51069","MRPL2"
"TMX2","2.0","51075","51075","0.0","0.0","","51075","false","51075","TMX2"
"SDF4","6.0","51150","51150","0.0","0.0","","51150","false","51150","SDF4"
"HGH1","6.0","51236","51236","0.0","0.0","","51236","false","51236","HGH1"
"MEX3C","22.0","51320","51320","6.0","2.1","Clustered","51320","false","51320","MEX3C"
"CRNKL1","20.0","51340","51340","10.0","1.0","Clustered","51340","false","51340","CRNKL1"
"EIF3L","39.0","51386","51386","2.0","9.114285714285714","Clustered","51386","false","51386","EIF3L"
"SNX9","10.0","51429","51429","6.0","2.1","Clustered","51429","false","51429","SNX9"
"ANKFY1","16.0","51479","51479","0.0","0.0","","51479","false","51479","ANKFY1"
"LARS1","36.0","51520","51520","4.0","4.090909090909091","Clustered","51520","false","51520","LARS1"
"MRPS23","29.0","51649","51649","2.0","9.114285714285714","Clustered","51649","false","51649","MRPS23"
"MRPL39","23.0","54148","54148","2.0","9.114285714285714","Clustered","54148","false","54148","MRPL39"
"DNAJC10","31.0","54431","54431","0.0","0.0","","54431","false","54431","DNAJC10"
"RNF216","1.0","54476","54476","0.0","0.0","","54476","false","54476","RNF216"
"AFTPH","2.0","54812","54812","0.0","0.0","","54812","false","54812","AFTPH"
"MRPL16","27.0","54948","54948","2.0","9.114285714285714","Clustered","54948","false","54948","MRPL16"
"PTCD3","24.0","55037","55037","2.0","9.114285714285714","Clustered","55037","false","55037","PTCD3"
"MAGOHB","26.0","55110","55110","10.0","1.0","Clustered","55110","false","55110","MAGOHB"
"TMEM33","15.0","55161","55161","6.0","2.1","Clustered","55161","false","55161","TMEM33"
"MRPS18A","22.0","55168","55168","2.0","9.114285714285714","Clustered","55168","false","55168","MRPS18A"
"RHOT1","5.0","55288","55288","0.0","0.0","","55288","false","55288","RHOT1"
"PPP6R3","27.0","55291","55291","0.0","0.0","","55291","false","55291","PPP6R3"
"CNOT11","16.0","55571","55571","4.0","4.090909090909091","Clustered","55571","false","55571","CNOT11"
"DDX27","12.0","55661","55661","0.0","0.0","","55661","false","55661","DDX27"
"IPO9","30.0","55705","55705","6.0","2.1","Clustered","55705","false","55705","IPO9"
"TENM3","4.0","55714","55714","0.0","0.0","","55714","false","55714","TENM3"
"NUP133","16.0","55746","55746","0.0","0.0","","55746","false","55746","NUP133"
"CAND1","73.0","55832","55832","5.0","2.047619047619048","Clustered","55832","false","55832","CAND1"
"UNC45A","21.0","55898","55898","5.0","2.047619047619048","Clustered","55898","false","55898","UNC45A"
"KIAA1217","10.0","56243","56243","0.0","0.0","","56243","false","56243","KIAA1217"
"CTPS2","33.0","56474","56474","3.0","2.4347826086956523","Clustered","56474","false","56474","CTPS2"
"ZC3HAV1","31.0","56829","56829","6.0","2.1","Clustered","56829","false","56829","ZC3HAV1"
"UGGT1","14.0","56886","56886","0.0","0.0","","56886","false","56886","UGGT1"
"KCMF1","8.0","56888","56888","0.0","0.0","","56888","false","56888","KCMF1"
"WRNIP1","5.0","56897","56897","0.0","0.0","","56897","false","56897","WRNIP1"
"CCDC47","19.0","57003","57003","0.0","0.0","","57003","false","57003","CCDC47"
"ANKRD50","9.0","57182","57182","0.0","0.0","","57182","false","57182","ANKRD50"
"CNOT6","17.0","57472","57472","4.0","4.090909090909091","Clustered","57472","false","57472","CNOT6"
"EPS15L1","8.0","58513","58513","0.0","0.0","","58513","false","58513","EPS15L1"
"MRPL17","27.0","63875","63875","2.0","9.114285714285714","Clustered","63875","false","63875","MRPL17"
"XPNPEP3","9.0","63929","63929","0.0","0.0","","63929","false","63929","XPNPEP3"
"TINAGL1","4.0","64129","64129","0.0","0.0","","64129","false","64129","TINAGL1"
"PJA1","7.0","64219","64219","0.0","0.0","","64219","false","64219","PJA1"
"PALS1","8.0","64398","64398","0.0","0.0","","64398","false","64398","PALS1"
"MRPS9","34.0","64965","64965","2.0","9.114285714285714","Clustered","64965","false","64965","MRPS9"
"MRPL38","33.0","64978","64978","2.0","9.114285714285714","Clustered","64978","false","64978","MRPL38"
"MRPL1","23.0","65008","65008","0.0","0.0","","65008","false","65008","MRPL1"
"MRPL44","25.0","65080","65080","2.0","9.114285714285714","Clustered","65080","false","65080","MRPL44"
"MRPS34","24.0","65993","65993","2.0","9.114285714285714","Clustered","65993","false","65993","MRPS34"
"WDR77","40.0","79084","79084","5.0","2.047619047619048","Clustered","79084","false","79084","WDR77"
"MBOAT7","6.0","79143","79143","0.0","0.0","","79143","false","79143","MBOAT7"
"EFHD2","5.0","79180","79180","0.0","0.0","","79180","false","79180","EFHD2"
"FYCO1","8.0","79443","79443","0.0","0.0","","79443","false","79443","FYCO1"
"CEP97","15.0","79598","79598","0.0","0.0","","79598","false","79598","CEP97"
"SHCBP1","2.0","79801","79801","0.0","0.0","","79801","false","79801","SHCBP1"
"BICC1","5.0","80114","80114","0.0","0.0","","80114","false","80114","BICC1"
"TARS2","4.0","80222","80222","0.0","0.0","","80222","false","80222","TARS2"
"WDCP","4.0","80304","80304","0.0","0.0","","80304","false","80304","WDCP"
"LAS1L","9.0","81887","81887","0.0","0.0","","81887","false","81887","LAS1L"
"FYTTD1","7.0","84248","84248","0.0","0.0","","84248","false","84248","FYTTD1"
"MRPL43","24.0","84545","84545","2.0","9.114285714285714","Clustered","84545","false","84545","MRPL43"
"TUBB6","41.0","84617","84617","4.0","4.090909090909091","Clustered","84617","false","84617","TUBB6"
"AJUBA","19.0","84962","84962","5.0","2.047619047619048","Clustered","84962","false","84962","AJUBA"
"PPIL4","8.0","85313","85313","0.0","0.0","","85313","false","85313","PPIL4"
"TRIM5","5.0","85363","85363","0.0","0.0","","85363","false","85363","TRIM5"
"DOCK7","18.0","85440","85440","0.0","0.0","","85440","false","85440","DOCK7"
"TNKS1BP1","22.0","85456","85456","4.0","4.090909090909091","Clustered","85456","false","85456","TNKS1BP1"
"SEC16B","10.0","89866","89866","1.0","7.3478260869565215","Clustered","89866","false","89866","SEC16B"
"ANKRD44","11.0","91526","91526","7.0","1.4210526315789473","Clustered","91526","false","91526","ANKRD44"
"SLFN11","39.0","91607","91607","0.0","0.0","","91607","false","91607","SLFN11"
"NEK9","17.0","91754","91754","0.0","0.0","","91754","false","91754","NEK9"
"PAXBP1","3.0","94104","94104","0.0","0.0","","94104","false","94104","PAXBP1"
"TGS1","9.0","96764","96764","0.0","0.0","","96764","false","96764","TGS1"
"TRIM9","3.0","114088","114088","0.0","0.0","","114088","false","114088","TRIM9"
"CGAS","21.0","115004","115004","7.0","1.4210526315789473","Clustered","115004","false","115004","CGAS"
"TARS3","22.0","123283","123283","0.0","0.0","","123283","false","123283","TARS3"
"OCIAD2","2.0","132299","132299","0.0","0.0","","132299","false","132299","OCIAD2"
"FAM91A1","2.0","157769","157769","0.0","0.0","","157769","false","157769","FAM91A1"
"AGO3","27.0","192669","192669","0.0","0.0","","192669","false","192669","AGO3"
"HNRNPA3","39.0","220988","220988","9.0","1.5","Clustered","220988","false","220988","HNRNPA3"
"CNOT6L","23.0","246175","246175","4.0","4.090909090909091","Clustered","246175","false","246175","CNOT6L"
"BOD1L1","4.0","259282","259282","0.0","0.0","","259282","false","259282","BOD1L1"
"ANKRD52","8.0","283373","283373","0.0","0.0","","283373","false","283373","ANKRD52"
"CAVIN1","12.0","284119","284119","0.0","0.0","","284119","false","284119","CAVIN1"
"FRYL","4.0","285527","285527","0.0","0.0","","285527","false","285527","FRYL"
"FAM83H","10.0","286077","286077","5.0","2.047619047619048","Clustered","286077","false","286077","FAM83H"
"TUBB2B","41.0","347733","347733","4.0","4.090909090909091","Clustered","347733","false","347733","TUBB2B"
"MIA3","11.0","375056","375056","0.0","0.0","","375056","false","375056","MIA3"
"AGRN","25.0","375790","375790","0.0","0.0","","375790","false","375790","AGRN"
"RBM12B","3.0","389677","389677","0.0","0.0","","389677","false","389677","RBM12B"
"HSP90AB2P","4.0","391634","391634","0.0","0.0","","391634","false","391634","HSP90AB2P"
"ACACA","35.0","31","31","3.0","2.4347826086956523","Clustered","31","false","31","ACACA"
"ACAT1","29.0","38","38","1.0","7.3478260869565215","Clustered","38","false","38","ACAT1"
"ACTN4","36.0","81","81","9.0","1.5","Clustered","81","false","81","ACTN4"
"ACTN1","33.0","87","87","7.0","1.4210526315789473","Clustered","87","false","87","ACTN1"
"AP2A2","34.0","161","161","6.0","2.1","Clustered","161","false","161","AP2A2"
"AHCY","72.0","191","191","1.0","7.3478260869565215","Seed","191","false","191","AHCY"
"AHR","5.0","196","196","0.0","0.0","","196","false","196","AHR"
"CRYBG1","5.0","202","202","0.0","0.0","","202","false","202","CRYBG1"
"APLP2","1.0","334","334","0.0","0.0","","334","false","334","APLP2"
"APP","77.0","351","351","6.0","2.1","Clustered","351","false","351","APP"
"ARCN1","38.0","372","372","1.0","7.3478260869565215","Clustered","372","false","372","ARCN1"
"ATP5F1B","73.0","506","506","1.0","7.3478260869565215","Clustered","506","false","506","ATP5F1B"
"AXL","38.0","558","558","1.0","7.3478260869565215","Clustered","558","false","558","AXL"
"DST","13.0","667","667","0.0","0.0","","667","false","667","DST"
"CAD","84.0","790","790","4.0","4.090909090909091","Clustered","790","false","790","CAD"
"CALR","33.0","811","811","9.0","1.5","Seed","811","false","811","CALR"
"CALU","32.0","813","813","7.0","1.4210526315789473","Clustered","813","false","813","CALU"
"CAPN2","14.0","824","824","0.0","0.0","","824","false","824","CAPN2"
"CAPZA1","37.0","829","829","4.0","4.090909090909091","Clustered","829","false","829","CAPZA1"
"CAPZA2","40.0","830","830","4.0","4.090909090909091","Clustered","830","false","830","CAPZA2"
"CAPZB","129.0","832","832","1.0","7.3478260869565215","Clustered","832","false","832","CAPZB"
"CAV1","49.0","857","857","6.0","2.1","Clustered","857","false","857","CAV1"
"SERPINH1","19.0","871","871","0.0","0.0","","871","false","871","SERPINH1"
"CDK11B","11.0","984","984","0.0","0.0","","984","false","984","CDK11B"
"CDH2","9.0","1000","1000","0.0","0.0","","1000","false","1000","CDH2"
"CDH6","3.0","1004","1004","0.0","0.0","","1004","false","1004","CDH6"
"CLTC","93.0","1213","1213","1.0","7.3478260869565215","Clustered","1213","false","1213","CLTC"
"CNN3","9.0","1266","1266","0.0","0.0","","1266","false","1266","CNN3"
"CNP","9.0","1267","1267","0.0","0.0","","1267","false","1267","CNP"
"COPB1","33.0","1315","1315","6.0","2.1","Clustered","1315","false","1315","COPB1"
"CPD","5.0","1362","1362","0.0","0.0","","1362","false","1362","CPD"
"CRIP2","4.0","1397","1397","0.0","0.0","","1397","false","1397","CRIP2"
"CSNK2B","44.0","1460","1460","3.0","2.4347826086956523","Clustered","1460","false","1460","CSNK2B"
"CTNNA1","36.0","1495","1495","5.0","2.047619047619048","Clustered","1495","false","1495","CTNNA1"
"CTNNB1","62.0","1499","1499","5.0","2.047619047619048","Clustered","1499","false","1499","CTNNB1"
"CTPS1","63.0","1503","1503","1.0","7.3478260869565215","Clustered","1503","false","1503","CTPS1"
"CTSB","21.0","1508","1508","9.0","1.5","Clustered","1508","false","1508","CTSB"
"CTSZ","12.0","1522","1522","1.0","7.3478260869565215","Clustered","1522","false","1522","CTSZ"
"CYLD","136.0","1540","1540","1.0","7.3478260869565215","Clustered","1540","false","1540","CYLD"
"DARS1","48.0","1615","1615","4.0","4.090909090909091","Clustered","1615","false","1615","DARS1"
"DDX3X","61.0","1654","1654","0.0","0.0","","1654","false","1654","DDX3X"
"DHCR24","7.0","1718","1718","0.0","0.0","","1718","false","1718","DHCR24"
"DPYSL2","31.0","1808","1808","4.0","4.090909090909091","Clustered","1808","false","1808","DPYSL2"
"DPYSL3","4.0","1809","1809","0.0","0.0","","1809","false","1809","DPYSL3"
"DYRK1A","49.0","1859","1859","1.0","7.3478260869565215","Clustered","1859","false","1859","DYRK1A"
"EIF2S3","70.0","1968","1968","2.0","9.114285714285714","Clustered","1968","false","1968","EIF2S3"
"EIF4A2","59.0","1974","1974","2.0","9.114285714285714","Clustered","1974","false","1974","EIF4A2"
"EIF4G1","68.0","1981","1981","2.0","9.114285714285714","Clustered","1981","false","1981","EIF4G1"
"CTTN","39.0","2017","2017","9.0","1.5","Clustered","2017","false","2017","CTTN"
"EPRS1","61.0","2058","2058","1.0","7.3478260869565215","Clustered","2058","false","2058","EPRS1"
"EPS15","18.0","2060","2060","6.0","2.1","Clustered","2060","false","2060","EPS15"
"ERH","15.0","2079","2079","0.0","0.0","","2079","false","2079","ERH"
"ACSL3","43.0","2181","2181","1.0","7.3478260869565215","Clustered","2181","false","2181","ACSL3"
"FASN","45.0","2194","2194","4.0","4.090909090909091","Clustered","2194","false","2194","FASN"
"FBN1","7.0","2200","2200","0.0","0.0","","2200","false","2200","FBN1"
"FLG","4.0","2312","2312","0.0","0.0","","2312","false","2312","FLG"
"FTH1","12.0","2495","2495","0.0","0.0","","2495","false","2495","FTH1"
"GALK1","2.0","2584","2584","0.0","0.0","","2584","false","2584","GALK1"
"GARS1","53.0","2617","2617","1.0","7.3478260869565215","Clustered","2617","false","2617","GARS1"
"GFPT1","39.0","2673","2673","3.0","2.4347826086956523","Clustered","2673","false","2673","GFPT1"
"GLB1","8.0","2720","2720","0.0","0.0","","2720","false","2720","GLB1"
"GOLGB1","12.0","2804","2804","3.0","2.4347826086956523","Clustered","2804","false","2804","GOLGB1"
"GPS1","21.0","2873","2873","0.0","0.0","","2873","false","2873","GPS1"
"HARS1","16.0","3035","3035","7.0","1.4210526315789473","Clustered","3035","false","3035","HARS1"
"HDAC2","48.0","3066","3066","0.0","0.0","","3066","false","3066","HDAC2"
"PRMT1","94.0","3276","3276","8.0","2.8823529411764706","Clustered","3276","false","3276","PRMT1"
"DNAJA1","95.0","3301","3301","1.0","7.3478260869565215","Clustered","3301","false","3301","DNAJA1"
"HSPA6","83.0","3310","3310","3.0","2.4347826086956523","Clustered","3310","false","3310","HSPA6"
"HSP90AA1","109.0","3320","3320","1.0","7.3478260869565215","Clustered","3320","false","3320","HSP90AA1"
"HSPG2","11.0","3339","3339","0.0","0.0","","3339","false","3339","HSPG2"
"IARS1","63.0","3376","3376","1.0","7.3478260869565215","Clustered","3376","false","3376","IARS1"
"IGFBP7","3.0","3490","3490","0.0","0.0","","3490","false","3490","IGFBP7"
"IMPDH2","49.0","3615","3615","1.0","7.3478260869565215","Clustered","3615","false","3615","IMPDH2"
"EIF3E","39.0","3646","3646","2.0","9.114285714285714","Clustered","3646","false","3646","EIF3E"
"IRAK1","31.0","3654","3654","6.0","2.1","Clustered","3654","false","3654","IRAK1"
"KARS1","44.0","3735","3735","1.0","7.3478260869565215","Clustered","3735","false","3735","KARS1"
"KPNA1","52.0","3836","3836","8.0","2.8823529411764706","Clustered","3836","false","3836","KPNA1"
"KPNA3","21.0","3839","3839","11.0","1.0","Seed","3839","false","3839","KPNA3"
"LAMC1","15.0","3915","3915","0.0","0.0","","3915","false","3915","LAMC1"
"RPSA","79.0","3921","3921","2.0","9.114285714285714","Clustered","3921","false","3921","RPSA"
"LDLR","17.0","3949","3949","7.0","1.4210526315789473","Clustered","3949","false","3949","LDLR"
"LGALS3BP","22.0","3959","3959","8.0","2.8823529411764706","Clustered","3959","false","3959","LGALS3BP"
"LOX","5.0","4015","4015","0.0","0.0","","4015","false","4015","LOX"
"LOXL1","2.0","4016","4016","0.0","0.0","","4016","false","4016","LOXL1"
"LOXL2","50.0","4017","4017","8.0","2.8823529411764706","Clustered","4017","false","4017","LOXL2"
"LPP","17.0","4026","4026","0.0","0.0","","4026","false","4026","LPP"
"LRP1","13.0","4035","4035","0.0","0.0","","4035","false","4035","LRP1"
"LRP4","4.0","4038","4038","0.0","0.0","","4038","false","4038","LRP4"
"LTBP3","2.0","4054","4054","0.0","0.0","","4054","false","4054","LTBP3"
"LTF","7.0","4057","4057","0.0","0.0","","4057","false","4057","LTF"
"CAPRIN1","52.0","4076","4076","0.0","0.0","","4076","false","4076","CAPRIN1"
"MARS1","35.0","4141","4141","1.0","7.3478260869565215","Clustered","4141","false","4141","MARS1"
"MMP2","10.0","4313","4313","0.0","0.0","","4313","false","4313","MMP2"
"MYO1B","17.0","4430","4430","9.0","1.5","Clustered","4430","false","4430","MYO1B"
"MYO1E","29.0","4643","4643","9.0","1.5","Clustered","4643","false","4643","MYO1E"
"MYO10","28.0","4651","4651","12.0","1.0","Clustered","4651","false","4651","MYO10"
"NAP1L1","33.0","4673","4673","1.0","7.3478260869565215","Clustered","4673","false","4673","NAP1L1"
"NAP1L4","34.0","4676","4676","0.0","0.0","","4676","false","4676","NAP1L4"
"NARS1","45.0","4677","4677","8.0","2.8823529411764706","Clustered","4677","false","4677","NARS1"
"NCBP1","45.0","4686","4686","5.0","2.047619047619048","Clustered","4686","false","4686","NCBP1"
"NEFL","9.0","4747","4747","0.0","0.0","","4747","false","4747","NEFL"
"NFKB2","16.0","4791","4791","11.0","1.0","Clustered","4791","false","4791","NFKB2"
"NME1","35.0","4830","4830","0.0","0.0","","4830","false","4830","NME1"
"CNOT2","29.0","4848","4848","4.0","4.090909090909091","Clustered","4848","false","4848","CNOT2"
"CNOT3","37.0","4849","4849","4.0","4.090909090909091","Clustered","4849","false","4849","CNOT3"
"NOTCH2","20.0","4853","4853","0.0","0.0","","4853","false","4853","NOTCH2"
"NUP88","19.0","4927","4927","0.0","0.0","","4927","false","4927","NUP88"
"P4HA1","23.0","5033","5033","0.0","0.0","","5033","false","5033","P4HA1"
"P4HB","54.0","5034","5034","8.0","2.8823529411764706","Seed","5034","false","5034","P4HB"
"PGK1","33.0","5230","5230","9.0","1.5","Clustered","5230","false","5230","PGK1"
"PHKA1","7.0","5255","5255","5.0","2.047619047619048","Clustered","5255","false","5255","PHKA1"
"PHKA2","4.0","5256","5256","5.0","2.047619047619048","Clustered","5256","false","5256","PHKA2"
"PHKB","7.0","5257","5257","5.0","2.047619047619048","Clustered","5257","false","5257","PHKB"
"PHKG2","8.0","5261","5261","5.0","2.047619047619048","Clustered","5261","false","5261","PHKG2"
"PLOD1","18.0","5351","5351","0.0","0.0","","5351","false","5351","PLOD1"
"POLR2H","24.0","5437","5437","10.0","1.0","Clustered","5437","false","5437","POLR2H"
"CTSA","10.0","5476","5476","0.0","0.0","","5476","false","5476","CTSA"
"PPIA","32.0","5478","5478","0.0","0.0","","5478","false","5478","PPIA"
"PPIB","18.0","5479","5479","0.0","0.0","","5479","false","5479","PPIB"
"PPP2CB","37.0","5516","5516","7.0","1.4210526315789473","Clustered","5516","false","5516","PPP2CB"
"PPP2R1A","89.0","5518","5518","8.0","2.8823529411764706","Clustered","5518","false","5518","PPP2R1A"
"PPP2R3A","7.0","5523","5523","0.0","0.0","","5523","false","5523","PPP2R3A"
"PPP6C","44.0","5537","5537","1.0","7.3478260869565215","Clustered","5537","false","5537","PPP6C"
"PRKAR1A","51.0","5573","5573","8.0","2.8823529411764706","Clustered","5573","false","5573","PRKAR1A"
"PRPH","15.0","5630","5630","0.0","0.0","","5630","false","5630","PRPH"
"PSMA3","49.0","5684","5684","7.0","1.4210526315789473","Clustered","5684","false","5684","PSMA3"
"PSMC1","31.0","5700","5700","3.0","2.4347826086956523","Clustered","5700","false","5700","PSMC1"
"PSMC4","48.0","5704","5704","3.0","2.4347826086956523","Clustered","5704","false","5704","PSMC4"
"PTK2","33.0","5747","5747","9.0","1.5","Clustered","5747","false","5747","PTK2"
"PTPN13","13.0","5783","5783","6.0","2.1","Clustered","5783","false","5783","PTPN13"
"PTPN14","12.0","5784","5784","6.0","2.1","Clustered","5784","false","5784","PTPN14"
"PURA","19.0","5813","5813","0.0","0.0","","5813","false","5813","PURA"
"PEX5","9.0","5830","5830","0.0","0.0","","5830","false","5830","PEX5"
"PYCR1","42.0","5831","5831","1.0","7.3478260869565215","Clustered","5831","false","5831","PYCR1"
"QARS1","43.0","5859","5859","1.0","7.3478260869565215","Clustered","5859","false","5859","QARS1"
"RANGAP1","27.0","5905","5905","0.0","0.0","","5905","false","5905","RANGAP1"
"RARS1","31.0","5917","5917","1.0","7.3478260869565215","Clustered","5917","false","5917","RARS1"
"RBBP7","24.0","5931","5931","5.0","2.047619047619048","Clustered","5931","false","5931","RBBP7"
"RCN2","12.0","5955","5955","0.0","0.0","","5955","false","5955","RCN2"
"RDX","32.0","5962","5962","0.0","0.0","","5962","false","5962","RDX"
"UPF1","41.0","5976","5976","1.0","7.3478260869565215","Clustered","5976","false","5976","UPF1"
"RNH1","20.0","6050","6050","7.0","1.4210526315789473","Clustered","6050","false","6050","RNH1"
"RPA1","56.0","6117","6117","6.0","2.1","Clustered","6117","false","6117","RPA1"
"RPA2","55.0","6118","6118","6.0","2.1","Clustered","6118","false","6118","RPA2"
"RPN2","59.0","6185","6185","8.0","2.8823529411764706","Clustered","6185","false","6185","RPN2"
"RPS4Y1","38.0","6192","6192","2.0","9.114285714285714","Clustered","6192","false","6192","RPS4Y1"
"RPS17","47.0","6218","6218","2.0","9.114285714285714","Clustered","6218","false","6218","RPS17"
"RPS20","69.0","6224","6224","2.0","9.114285714285714","Clustered","6224","false","6224","RPS20"
"SEC13","29.0","6396","6396","1.0","7.3478260869565215","Clustered","6396","false","6396","SEC13"
"SET","17.0","6418","6418","0.0","0.0","","6418","false","6418","SET"
"SMARCC1","20.0","6599","6599","9.0","1.5","Clustered","6599","false","6599","SMARCC1"
"SNRPB2","17.0","6629","6629","0.0","0.0","","6629","false","6629","SNRPB2"
"SNRPD1","40.0","6632","6632","5.0","2.047619047619048","Clustered","6632","false","6632","SNRPD1"
"SNTB1","1.0","6641","6641","0.0","0.0","","6641","false","6641","SNTB1"
"SPOCK1","1.0","6695","6695","0.0","0.0","","6695","false","6695","SPOCK1"
"SPTAN1","52.0","6709","6709","6.0","2.1","Clustered","6709","false","6709","SPTAN1"
"SPTBN2","21.0","6712","6712","3.0","2.4347826086956523","Clustered","6712","false","6712","SPTBN2"
"TRIM21","20.0","6737","6737","9.0","1.5","Clustered","6737","false","6737","TRIM21"
"SSR4","18.0","6748","6748","6.0","2.1","Clustered","6748","false","6748","SSR4"
"STAU1","136.0","6780","6780","8.0","2.8823529411764706","Clustered","6780","false","6780","STAU1"
"STRN","21.0","6801","6801","0.0","0.0","","6801","false","6801","STRN"
"SUPT5H","39.0","6829","6829","0.0","0.0","","6829","false","6829","SUPT5H"
"TARS1","21.0","6897","6897","7.0","1.4210526315789473","Clustered","6897","false","6897","TARS1"
"TCP1","53.0","6950","6950","1.0","7.3478260869565215","Clustered","6950","false","6950","TCP1"
"TF","15.0","7018","7018","7.0","1.4210526315789473","Clustered","7018","false","7018","TF"
"TFRC","38.0","7037","7037","7.0","1.4210526315789473","Clustered","7037","false","7037","TFRC"
"TGFB1I1","4.0","7041","7041","0.0","0.0","","7041","false","7041","TGFB1I1"
"THBS1","13.0","7057","7057","0.0","0.0","","7057","false","7057","THBS1"
"TIA1","16.0","7072","7072","0.0","0.0","","7072","false","7072","TIA1"
"TIMP1","3.0","7076","7076","0.0","0.0","","7076","false","7076","TIMP1"
"TIMP2","1.0","7077","7077","0.0","0.0","","7077","false","7077","TIMP2"
"TLN1","26.0","7094","7094","7.0","1.4210526315789473","Clustered","7094","false","7094","TLN1"
"TPP2","6.0","7174","7174","0.0","0.0","","7174","false","7174","TPP2"
"HSP90B1","55.0","7184","7184","6.0","2.1","Clustered","7184","false","7184","HSP90B1"
"TRAF2","36.0","7186","7186","7.0","1.4210526315789473","Seed","7186","false","7186","TRAF2"
"TRIO","7.0","7204","7204","0.0","0.0","","7204","false","7204","TRIO"
"TRIP6","18.0","7205","7205","6.0","2.1","Clustered","7205","false","7205","TRIP6"
"TUBB2A","44.0","7280","7280","4.0","4.090909090909091","Clustered","7280","false","7280","TUBB2A"
"TXNRD1","12.0","7296","7296","0.0","0.0","","7296","false","7296","TXNRD1"
"UBA7","3.0","7318","7318","0.0","0.0","","7318","false","7318","UBA7"
"UQCRC2","32.0","7385","7385","3.0","2.4347826086956523","Clustered","7385","false","7385","UQCRC2"
"UTRN","23.0","7402","7402","0.0","0.0","","7402","false","7402","UTRN"
"VCP","105.0","7415","7415","8.0","2.8823529411764706","Clustered","7415","false","7415","VCP"
"VIM","60.0","7431","7431","5.0","2.047619047619048","Clustered","7431","false","7431","VIM"
"VLDLR","5.0","7436","7436","0.0","0.0","","7436","false","7436","VLDLR"
"WEE1","15.0","7465","7465","0.0","0.0","","7465","false","7465","WEE1"
"XPO1","151.0","7514","7514","3.0","2.4347826086956523","Clustered","7514","false","7514","XPO1"
"YWHAB","65.0","7529","7529","3.0","2.4347826086956523","Clustered","7529","false","7529","YWHAB"
