Name,Category,CategoryID,GO,Description,PARENT_GO,LogP,Enrichment,Z-score,#TotalGeneInLibrary,#GeneInGO,#GeneInHitList,#GeneInGOAndHitList,%InGO,STDV %InGO,GeneID,Hits,Log(q-value)
MyList,Reactome Gene Sets,6,R-HSA-72163,mRNA Splicing - Major Pathway,,-16,54,24,30244,207,30,11,37,8.8,3184|5411|5725|9716|9939|10921|22938|22985|24144|27339|79576,HNRNPD|PNN|PTBP1|AQR|RBM8A|RNPS1|SNW1|ACIN1|TFIP11|PRPF19|NKAP,-12
MyList,Reactome Gene Sets,6,R-HSA-72172,mRNA Splicing,,-16,52,23,30244,215,30,11,37,8.8,3184|5411|5725|9716|9939|10921|22938|22985|24144|27339|79576,HNRNPD|PNN|PTBP1|AQR|RBM8A|RNPS1|SNW1|ACIN1|TFIP11|PRPF19|NKAP,-12
MyList,GO Biological Processes,19,GO:0016071,mRNA metabolic process,19_GO:0008152 metabolic process,-15,22,17,30244,649,30,14,47,9.1,2107|3189|5411|5725|5930|8227|9541|9716|9939|10921|22938|22985|24144|27339,ETF1|HNRNPH3|PNN|PTBP1|RBBP6|AKAP17A|CIR1|AQR|RBM8A|RNPS1|SNW1|ACIN1|TFIP11|PRPF19,-12
MyList,GO Biological Processes,19,GO:0006397,mRNA processing,19_GO:0008152 metabolic process,-15,27,18,30244,489,30,13,43,9,3189|5411|5725|5930|8227|9541|9716|9939|10921|22938|22985|24144|27339,HNRNPH3|PNN|PTBP1|RBBP6|AKAP17A|CIR1|AQR|RBM8A|RNPS1|SNW1|ACIN1|TFIP11|PRPF19,-12
MyList,Reactome Gene Sets,6,R-HSA-72203,Processing of Capped Intron-Containing Pre-mRNA,,-15,39,20,30244,285,30,11,37,8.8,3184|5411|5725|9716|9939|10921|22938|22985|24144|27339|79576,HNRNPD|PNN|PTBP1|AQR|RBM8A|RNPS1|SNW1|ACIN1|TFIP11|PRPF19|NKAP,-11
MyList,GO Biological Processes,19,GO:0008380,RNA splicing,19_GO:0008152 metabolic process,-15,30,18,30244,407,30,12,40,8.9,3189|5411|5725|8227|9541|9716|9939|10921|22938|22985|24144|27339,HNRNPH3|PNN|PTBP1|AKAP17A|CIR1|AQR|RBM8A|RNPS1|SNW1|ACIN1|TFIP11|PRPF19,-11
MyList,Reactome Gene Sets,6,R-HSA-8953854,Metabolism of RNA,,-13,18,15,30244,716,30,13,43,9,2107|3184|5411|5725|9716|9939|10921|22938|22984|22985|24144|27339|79576,ETF1|HNRNPD|PNN|PTBP1|AQR|RBM8A|RNPS1|SNW1|PDCD11|ACIN1|TFIP11|PRPF19|NKAP,-10
MyList,CORUM,33,CORUM:778,LARC complex (LCR-associated remodeling complex),,-11,2.7e+02,36,30244,19,30,5,17,6.8,1108|6598|6601|6605|8289,CHD4|SMARCB1|SMARCC2|SMARCE1|ARID1A,-7.9
MyList,CORUM,33,CORUM:564,BAF complex,,-10,5e+02,45,30244,8,30,4,13,6.2,6598|6601|6605|8289,SMARCB1|SMARCC2|SMARCE1|ARID1A,-7.2
MyList,CORUM,33,CORUM:1251,BAF complex,,-10,5e+02,45,30244,8,30,4,13,6.2,6598|6601|6605|8289,SMARCB1|SMARCC2|SMARCE1|ARID1A,-7.2
MyList,GO Biological Processes,19,GO:2000819,regulation of nucleotide-excision repair,19_GO:0050896 response to stimulus,-10,1.8e+02,30,30244,28,30,5,17,6.8,6598|6601|6605|8289|55193,SMARCB1|SMARCC2|SMARCE1|ARID1A|PBRM1,-7.2
MyList,CORUM,33,CORUM:807,BRG1-associated complex,,-10,4.5e+02,42,30244,9,30,4,13,6.2,6598|6601|6605|8289,SMARCB1|SMARCC2|SMARCE1|ARID1A,-7.2
MyList,CORUM,33,CORUM:556,PBAF complex (Polybromo- and BAF containing complex),,-10,4.5e+02,42,30244,9,30,4,13,6.2,6598|6601|6605|55193,SMARCB1|SMARCC2|SMARCE1|PBRM1,-7.2
MyList,CORUM,33,CORUM:555,BAF complex,,-10,4.5e+02,42,30244,9,30,4,13,6.2,6598|6601|6605|8289,SMARCB1|SMARCC2|SMARCE1|ARID1A,-7.2
MyList,CORUM,33,CORUM:1237,BAF complex,,-10,4.5e+02,42,30244,9,30,4,13,6.2,6598|6601|6605|8289,SMARCB1|SMARCC2|SMARCE1|ARID1A,-7.2
MyList,CORUM,33,CORUM:710,Brg1-associated complex I,,-10,4.5e+02,42,30244,9,30,4,13,6.2,6598|6601|6605|8289,SMARCB1|SMARCC2|SMARCE1|ARID1A,-7.2
MyList,CORUM,33,CORUM:711,Brm-associated complex,,-10,4.5e+02,42,30244,9,30,4,13,6.2,6598|6601|6605|8289,SMARCB1|SMARCC2|SMARCE1|ARID1A,-7.2
MyList,CORUM,33,CORUM:1238,PBAF complex (Polybromo- and BAF containing complex),,-10,4.5e+02,42,30244,9,30,4,13,6.2,6598|6601|6605|55193,SMARCB1|SMARCC2|SMARCE1|PBRM1,-7.2
MyList,CORUM,33,CORUM:565,PBAF complex (Polybromo- and BAF containing complex),,-10,4.5e+02,42,30244,9,30,4,13,6.2,6598|6601|6605|55193,SMARCB1|SMARCC2|SMARCE1|PBRM1,-7.2
MyList,CORUM,33,CORUM:566,BAF complex,,-10,4.5e+02,42,30244,9,30,4,13,6.2,6598|6601|6605|8289,SMARCB1|SMARCC2|SMARCE1|ARID1A,-7.2
MyList,CORUM,33,CORUM:86,NUMAC complex (nucleosomal methylation activator complex),,-9.8,4e+02,40,30244,10,30,4,13,6.2,6598|6601|6605|8289,SMARCB1|SMARCC2|SMARCE1|ARID1A,-7.1
MyList,CORUM,33,CORUM:1252,EBAFa complex,,-9.8,4e+02,40,30244,10,30,4,13,6.2,6598|6601|6605|8289,SMARCB1|SMARCC2|SMARCE1|ARID1A,-7.1
MyList,CORUM,33,CORUM:554,PBAF complex (Polybromo- and BAF containing complex),,-9.8,4e+02,40,30244,10,30,4,13,6.2,6598|6601|6605|55193,SMARCB1|SMARCC2|SMARCE1|PBRM1,-7.1
MyList,CORUM,33,CORUM:808,BRM-associated complex,,-9.8,4e+02,40,30244,10,30,4,13,6.2,6598|6601|6605|8289,SMARCB1|SMARCC2|SMARCE1|ARID1A,-7.1
MyList,CORUM,33,CORUM:238,SWI-SNF chromatin remodeling-related-BRCA1 complex,,-9.8,4e+02,40,30244,10,30,4,13,6.2,6598|6601|6605|8289,SMARCB1|SMARCC2|SMARCE1|ARID1A,-7.1
MyList,CORUM,33,CORUM:149,PBAF complex (Polybromo- and BAF containing complex),,-9.8,4e+02,40,30244,10,30,4,13,6.2,6598|6601|6605|55193,SMARCB1|SMARCC2|SMARCE1|PBRM1,-7.1
MyList,GO Biological Processes,19,GO:0000377,"RNA splicing, via transesterification reactions with bulged adenosine as nucleophile",19_GO:0008152 metabolic process,-9.7,30,15,30244,272,30,8,27,8.1,3189|5411|9716|9939|10921|22938|24144|27339,HNRNPH3|PNN|AQR|RBM8A|RNPS1|SNW1|TFIP11|PRPF19,-7
MyList,GO Biological Processes,19,GO:0000398,"mRNA splicing, via spliceosome",19_GO:0008152 metabolic process,-9.7,30,15,30244,272,30,8,27,8.1,3189|5411|9716|9939|10921|22938|24144|27339,HNRNPH3|PNN|AQR|RBM8A|RNPS1|SNW1|TFIP11|PRPF19,-7
MyList,GO Biological Processes,19,GO:0000375,"RNA splicing, via transesterification reactions",19_GO:0008152 metabolic process,-9.7,29,15,30244,276,30,8,27,8.1,3189|5411|9716|9939|10921|22938|24144|27339,HNRNPH3|PNN|AQR|RBM8A|RNPS1|SNW1|TFIP11|PRPF19,-7
MyList,CORUM,33,CORUM:803,BRG1-SIN3A-HDAC containing SWI/SNF remodeling complex I,,-9.6,3.7e+02,38,30244,11,30,4,13,6.2,6598|6601|6605|8289,SMARCB1|SMARCC2|SMARCE1|ARID1A,-6.9
MyList,GO Biological Processes,19,GO:0010720,positive regulation of cell development,19_GO:0032502 developmental process,-9.5,21,13,30244,442,30,9,30,8.4,6598|6601|6605|8289|22938|22985|27339|55193|79576,SMARCB1|SMARCC2|SMARCE1|ARID1A|SNW1|ACIN1|PRPF19|PBRM1|NKAP,-6.9
MyList,Reactome Gene Sets,6,R-HSA-8939243,RUNX1 interacts with co-factors whose precise effect on RUNX1 targets is not known,,-9.5,1.3e+02,26,30244,38,30,5,17,6.8,6598|6601|6605|8289|55193,SMARCB1|SMARCC2|SMARCE1|ARID1A|PBRM1,-6.8
MyList,GO Biological Processes,19,GO:0070316,regulation of G0 to G1 transition,19_GO:0050789 regulation of biological process,-9.4,1.3e+02,25,30244,39,30,5,17,6.8,6598|6601|6605|8289|55193,SMARCB1|SMARCC2|SMARCE1|ARID1A|PBRM1,-6.8
MyList,CORUM,33,CORUM:806,BRM-SIN3A-HDAC complex,,-9.4,3.4e+02,37,30244,12,30,4,13,6.2,6598|6601|6605|8289,SMARCB1|SMARCC2|SMARCE1|ARID1A,-6.8
MyList,GO Biological Processes,19,GO:0043484,regulation of RNA splicing,19_GO:0008152 metabolic process,-9.3,39,16,30244,183,30,7,23,7.7,3189|5725|8227|9939|10921|22938|27339,HNRNPH3|PTBP1|AKAP17A|RBM8A|RNPS1|SNW1|PRPF19,-6.7
MyList,GO Biological Processes,19,GO:1902107,positive regulation of leukocyte differentiation,19_GO:0002376 immune system process,-9.3,38,16,30244,186,30,7,23,7.7,6598|6601|6605|8289|22985|55193|79576,SMARCB1|SMARCC2|SMARCE1|ARID1A|ACIN1|PBRM1|NKAP,-6.7
MyList,GO Biological Processes,19,GO:1903708,positive regulation of hemopoiesis,19_GO:0002376 immune system process,-9.3,38,16,30244,186,30,7,23,7.7,6598|6601|6605|8289|22985|55193|79576,SMARCB1|SMARCC2|SMARCE1|ARID1A|ACIN1|PBRM1|NKAP,-6.7
MyList,CORUM,33,CORUM:189,BAF complex,,-9.3,3.1e+02,35,30244,13,30,4,13,6.2,6598|6601|6605|8289,SMARCB1|SMARCC2|SMARCE1|ARID1A,-6.7
MyList,GO Biological Processes,19,GO:0045663,positive regulation of myoblast differentiation,19_GO:0032502 developmental process,-9.2,1.2e+02,24,30244,43,30,5,17,6.8,6598|6601|6605|8289|55193,SMARCB1|SMARCC2|SMARCE1|ARID1A|PBRM1,-6.6
MyList,CORUM,33,CORUM:1230,WINAC complex,,-9.1,2.9e+02,34,30244,14,30,4,13,6.2,6598|6601|6605|8289,SMARCB1|SMARCC2|SMARCE1|ARID1A,-6.6
MyList,CORUM,33,CORUM:713,BRG1-SIN3A complex,,-9.1,2.9e+02,34,30244,14,30,4,13,6.2,6598|6601|6605|8289,SMARCB1|SMARCC2|SMARCE1|ARID1A,-6.6
MyList,CORUM,33,CORUM:714,BRM-SIN3A complex,,-9,2.7e+02,33,30244,15,30,4,13,6.2,6598|6601|6605|8289,SMARCB1|SMARCC2|SMARCE1|ARID1A,-6.4
MyList,GO Biological Processes,19,GO:0045582,positive regulation of T cell differentiation,19_GO:0002376 immune system process,-8.8,52,17,30244,116,30,6,20,7.3,6598|6601|6605|8289|55193|79576,SMARCB1|SMARCC2|SMARCE1|ARID1A|PBRM1|NKAP,-6.3
MyList,GO Biological Processes,19,GO:0051052,regulation of DNA metabolic process,19_GO:0008152 metabolic process,-8.8,17,12,30244,533,30,9,30,8.4,3184|5930|6598|6601|6605|8289|8467|24144|55193,HNRNPD|RBBP6|SMARCB1|SMARCC2|SMARCE1|ARID1A|SMARCA5|TFIP11|PBRM1,-6.3
MyList,GO Biological Processes,19,GO:0006337,nucleosome disassembly,19_GO:0009987 cellular process,-8.5,2.1e+02,29,30244,19,30,4,13,6.2,6598|6601|6605|8289,SMARCB1|SMARCC2|SMARCE1|ARID1A,-6.1
MyList,GO Biological Processes,19,GO:0045621,positive regulation of lymphocyte differentiation,19_GO:0002376 immune system process,-8.5,47,16,30244,130,30,6,20,7.3,6598|6601|6605|8289|55193|79576,SMARCB1|SMARCC2|SMARCE1|ARID1A|PBRM1|NKAP,-6.1
MyList,GO Biological Processes,19,GO:2000779,regulation of double-strand break repair,19_GO:0050896 response to stimulus,-8.4,45,16,30244,134,30,6,20,7.3,6598|6601|6605|8289|24144|55193,SMARCB1|SMARCC2|SMARCE1|ARID1A|TFIP11|PBRM1,-6
MyList,GO Biological Processes,19,GO:0033044,regulation of chromosome organization,19_GO:0050789 regulation of biological process,-8.4,28,14,30244,248,30,7,23,7.7,3184|6598|6601|6605|8289|8467|55193,HNRNPD|SMARCB1|SMARCC2|SMARCE1|ARID1A|SMARCA5|PBRM1,-6
MyList,GO Biological Processes,19,GO:0032984,protein-containing complex disassembly,19_GO:0009987 cellular process,-8.4,44,16,30244,138,30,6,20,7.3,2107|6598|6601|6605|8289|24144,ETF1|SMARCB1|SMARCC2|SMARCE1|ARID1A|TFIP11,-6
MyList,GO Biological Processes,19,GO:0050684,regulation of mRNA processing,19_GO:0008152 metabolic process,-8.3,44,16,30244,139,30,6,20,7.3,5725|6294|9939|10921|22938|27339,PTBP1|SAFB|RBM8A|RNPS1|SNW1|PRPF19,-6
MyList,GO Biological Processes,19,GO:0032986,protein-DNA complex disassembly,19_GO:0009987 cellular process,-8.3,1.9e+02,28,30244,21,30,4,13,6.2,6598|6601|6605|8289,SMARCB1|SMARCC2|SMARCE1|ARID1A,-6
MyList,CORUM,33,CORUM:351,Spliceosome,,-8.3,43,16,30244,141,30,6,20,7.3,9716|9939|10921|22938|22985|27339,AQR|RBM8A|RNPS1|SNW1|ACIN1|PRPF19,-5.9
MyList,GO Biological Processes,19,GO:0045661,regulation of myoblast differentiation,19_GO:0032502 developmental process,-8,69,18,30244,73,30,5,17,6.8,6598|6601|6605|8289|55193,SMARCB1|SMARCC2|SMARCE1|ARID1A|PBRM1,-5.7
MyList,Reactome Gene Sets,6,R-HSA-3214858,RMTs methylate histone arginines,,-7.9,65,18,30244,78,30,5,17,6.8,6598|6601|6605|8289|55193,SMARCB1|SMARCC2|SMARCE1|ARID1A|PBRM1,-5.6
MyList,CORUM,33,CORUM:1181,C complex spliceosome,,-7.8,64,18,30244,79,30,5,17,6.8,5411|9716|9939|22938|27339,PNN|AQR|RBM8A|SNW1|PRPF19,-5.6
MyList,GO Biological Processes,19,GO:0051054,positive regulation of DNA metabolic process,19_GO:0048518 positive regulation of biological process,-7.8,23,12,30244,302,30,7,23,7.7,3184|6598|6601|6605|8289|8467|55193,HNRNPD|SMARCB1|SMARCC2|SMARCE1|ARID1A|SMARCA5|PBRM1,-5.5
MyList,GO Biological Processes,19,GO:2000781,positive regulation of double-strand break repair,19_GO:0048518 positive regulation of biological process,-7.7,59,17,30244,85,30,5,17,6.8,6598|6601|6605|8289|55193,SMARCB1|SMARCC2|SMARCE1|ARID1A|PBRM1,-5.4
MyList,GO Biological Processes,19,GO:0045580,regulation of T cell differentiation,19_GO:0002376 immune system process,-7.7,34,14,30244,180,30,6,20,7.3,6598|6601|6605|8289|55193|79576,SMARCB1|SMARCC2|SMARCE1|ARID1A|PBRM1|NKAP,-5.4
MyList,GO Biological Processes,19,GO:0022411,cellular component disassembly,19_GO:0009987 cellular process,-7.6,22,12,30244,321,30,7,23,7.7,2107|6598|6601|6605|8289|22985|24144,ETF1|SMARCB1|SMARCC2|SMARCE1|ARID1A|ACIN1|TFIP11,-5.4
MyList,GO Biological Processes,19,GO:1902105,regulation of leukocyte differentiation,19_GO:0002376 immune system process,-7.6,22,12,30244,322,30,7,23,7.7,6598|6601|6605|8289|22985|55193|79576,SMARCB1|SMARCC2|SMARCE1|ARID1A|ACIN1|PBRM1|NKAP,-5.4
MyList,WikiPathways,27,WP4204,Tumor suppressor activity of SMARCB1,,-7.6,1.3e+02,23,30244,31,30,4,13,6.2,6598|6601|6605|8289,SMARCB1|SMARCC2|SMARCE1|ARID1A,-5.4
MyList,GO Biological Processes,19,GO:0030071,regulation of mitotic metaphase/anaphase transition,19_GO:0050789 regulation of biological process,-7.6,56,16,30244,90,30,5,17,6.8,6598|6601|6605|8289|55193,SMARCB1|SMARCC2|SMARCE1|ARID1A|PBRM1,-5.3
MyList,CORUM,33,CORUM:3063,Brg1-associated complex II,,-7.5,4.3e+02,36,30244,7,30,3,10,5.5,6598|6601|8289,SMARCB1|SMARCC2|ARID1A,-5.3
MyList,CORUM,33,CORUM:570,p300-CBP-p270-SWI/SNF complex,,-7.5,4.3e+02,36,30244,7,30,3,10,5.5,6598|6601|8289,SMARCB1|SMARCC2|ARID1A,-5.3
MyList,GO Biological Processes,19,GO:1902099,regulation of metaphase/anaphase transition of cell cycle,19_GO:0050789 regulation of biological process,-7.5,54,16,30244,93,30,5,17,6.8,6598|6601|6605|8289|55193,SMARCB1|SMARCC2|SMARCE1|ARID1A|PBRM1,-5.3
MyList,KEGG Pathway,24,hsa03015,mRNA surveillance pathway,,-7.4,52,16,30244,97,30,5,17,6.8,2107|5411|9939|10921|22985,ETF1|PNN|RBM8A|RNPS1|ACIN1,-5.2
MyList,GO Biological Processes,19,GO:1903311,regulation of mRNA metabolic process,19_GO:0008152 metabolic process,-7.4,20,11,30244,351,30,7,23,7.7,3184|5725|6294|9939|10921|22938|27339,HNRNPD|PTBP1|SAFB|RBM8A|RNPS1|SNW1|PRPF19,-5.2
MyList,GO Biological Processes,19,GO:0045619,regulation of lymphocyte differentiation,19_GO:0002376 immune system process,-7.2,29,13,30244,212,30,6,20,7.3,6598|6601|6605|8289|55193|79576,SMARCB1|SMARCC2|SMARCE1|ARID1A|PBRM1|NKAP,-5.1
MyList,GO Biological Processes,19,GO:0033045,regulation of sister chromatid segregation,19_GO:0050789 regulation of biological process,-7.2,48,15,30244,104,30,5,17,6.8,6598|6601|6605|8289|55193,SMARCB1|SMARCC2|SMARCE1|ARID1A|PBRM1,-5.1
MyList,GO Biological Processes,19,GO:0006282,regulation of DNA repair,19_GO:0050896 response to stimulus,-7.2,28,13,30244,215,30,6,20,7.3,6598|6601|6605|8289|24144|55193,SMARCB1|SMARCC2|SMARCE1|ARID1A|TFIP11|PBRM1,-5
MyList,GO Biological Processes,19,GO:0048024,"regulation of mRNA splicing, via spliceosome",19_GO:0008152 metabolic process,-7.2,47,15,30244,108,30,5,17,6.8,5725|9939|10921|22938|27339,PTBP1|RBM8A|RNPS1|SNW1|PRPF19,-5
MyList,CORUM,33,CORUM:3065,"RNA polymerase II complex, chromatin structure modifying",,-7.1,3.4e+02,32,30244,9,30,3,10,5.5,6598|6601|6605,SMARCB1|SMARCC2|SMARCE1,-5
MyList,CORUM,33,CORUM:1239,EBAFb complex,,-7,3e+02,30,30244,10,30,3,10,5.5,6598|6601|6605,SMARCB1|SMARCC2|SMARCE1,-4.8
MyList,GO Biological Processes,19,GO:1903706,regulation of hemopoiesis,19_GO:0002376 immune system process,-6.8,17,10,30244,418,30,7,23,7.7,6598|6601|6605|8289|22985|55193|79576,SMARCB1|SMARCC2|SMARCE1|ARID1A|ACIN1|PBRM1|NKAP,-4.7
MyList,CORUM,33,CORUM:7372,BRD7-SWIu2013SNF complex,,-6.8,2.7e+02,29,30244,11,30,3,10,5.5,6601|6605|8289,SMARCC2|SMARCE1|ARID1A,-4.7
MyList,GO Biological Processes,19,GO:0050870,positive regulation of T cell activation,19_GO:0002376 immune system process,-6.8,24,12,30244,249,30,6,20,7.3,6598|6601|6605|8289|55193|79576,SMARCB1|SMARCC2|SMARCE1|ARID1A|PBRM1|NKAP,-4.7
MyList,GO Biological Processes,19,GO:0045739,positive regulation of DNA repair,19_GO:0048518 positive regulation of biological process,-6.8,39,14,30244,128,30,5,17,6.8,6598|6601|6605|8289|55193,SMARCB1|SMARCC2|SMARCE1|ARID1A|PBRM1,-4.7
MyList,GO Biological Processes,19,GO:0051983,regulation of chromosome segregation,19_GO:0050789 regulation of biological process,-6.7,38,14,30244,131,30,5,17,6.8,6598|6601|6605|8289|55193,SMARCB1|SMARCC2|SMARCE1|ARID1A|PBRM1,-4.6
MyList,GO Biological Processes,19,GO:0034728,nucleosome organization,19_GO:0009987 cellular process,-6.6,37,13,30244,138,30,5,17,6.8,6598|6601|6605|8289|8467,SMARCB1|SMARCC2|SMARCE1|ARID1A|SMARCA5,-4.5
MyList,Reactome Gene Sets,6,R-HSA-3247509,Chromatin modifying enzymes,,-6.6,22,11,30244,272,30,6,20,7.3,1108|6598|6601|6605|8289|55193,CHD4|SMARCB1|SMARCC2|SMARCE1|ARID1A|PBRM1,-4.5
MyList,Reactome Gene Sets,6,R-HSA-4839726,Chromatin organization,,-6.6,22,11,30244,272,30,6,20,7.3,1108|6598|6601|6605|8289|55193,CHD4|SMARCB1|SMARCC2|SMARCE1|ARID1A|PBRM1,-4.5
MyList,GO Biological Processes,19,GO:1903039,positive regulation of leukocyte cell-cell adhesion,19_GO:0048518 positive regulation of biological process,-6.6,22,11,30244,273,30,6,20,7.3,6598|6601|6605|8289|55193|79576,SMARCB1|SMARCC2|SMARCE1|ARID1A|PBRM1|NKAP,-4.5
MyList,KEGG Pathway,24,hsa03040,Spliceosome,,-6.4,32,12,30244,156,30,5,17,6.8,9716|9939|22938|22985|27339,AQR|RBM8A|SNW1|ACIN1|PRPF19,-4.3
MyList,GO Biological Processes,19,GO:0010564,regulation of cell cycle process,19_GO:0050789 regulation of biological process,-6.3,11,8.5,30244,746,30,8,27,8.1,1104|6598|6601|6605|8289|8467|27339|55193,RCC1|SMARCB1|SMARCC2|SMARCE1|ARID1A|SMARCA5|PRPF19|PBRM1,-4.3
MyList,GO Biological Processes,19,GO:0006325,chromatin organization,19_GO:0009987 cellular process,-6.3,11,8.5,30244,748,30,8,27,8.1,1108|6294|6598|6601|6605|8289|8467|55193,CHD4|SAFB|SMARCB1|SMARCC2|SMARCE1|ARID1A|SMARCA5|PBRM1,-4.3
MyList,CORUM,33,CORUM:739,SIN3-ING1b complex II,,-6.3,1.9e+02,24,30244,16,30,3,10,5.5,6598|6601|8289,SMARCB1|SMARCC2|ARID1A,-4.3
MyList,KEGG Pathway,24,hsa05225,Hepatocellular carcinoma,,-6.2,30,12,30244,168,30,5,17,6.8,6598|6601|6605|8289|55193,SMARCB1|SMARCC2|SMARCE1|ARID1A|PBRM1,-4.1
MyList,GO Biological Processes,19,GO:0022409,positive regulation of cell-cell adhesion,19_GO:0048518 positive regulation of biological process,-6.2,19,10,30244,321,30,6,20,7.3,6598|6601|6605|8289|55193|79576,SMARCB1|SMARCC2|SMARCE1|ARID1A|PBRM1|NKAP,-4.1
MyList,GO Biological Processes,19,GO:0051251,positive regulation of lymphocyte activation,19_GO:0002376 immune system process,-6.1,18,10,30244,327,30,6,20,7.3,6598|6601|6605|8289|55193|79576,SMARCB1|SMARCC2|SMARCE1|ARID1A|PBRM1|NKAP,-4.1
MyList,GO Biological Processes,19,GO:2000045,regulation of G1/S transition of mitotic cell cycle,19_GO:0050789 regulation of biological process,-6,27,11,30244,185,30,5,17,6.8,6598|6601|6605|8289|55193,SMARCB1|SMARCC2|SMARCE1|ARID1A|PBRM1,-4
MyList,CORUM,33,CORUM:5614,Emerin complex 32,,-5.9,1.4e+02,21,30244,21,30,3,10,5.5,1108|6598|6601,CHD4|SMARCB1|SMARCC2,-3.9
MyList,GO Biological Processes,19,GO:0050863,regulation of T cell activation,19_GO:0002376 immune system process,-5.8,16,9.2,30244,378,30,6,20,7.3,6598|6601|6605|8289|55193|79576,SMARCB1|SMARCC2|SMARCE1|ARID1A|PBRM1|NKAP,-3.8
MyList,GO Biological Processes,19,GO:0002696,positive regulation of leukocyte activation,19_GO:0002376 immune system process,-5.8,16,9.2,30244,378,30,6,20,7.3,6598|6601|6605|8289|55193|79576,SMARCB1|SMARCC2|SMARCE1|ARID1A|PBRM1|NKAP,-3.8
MyList,GO Biological Processes,19,GO:1903037,regulation of leukocyte cell-cell adhesion,19_GO:0050789 regulation of biological process,-5.8,16,9.2,30244,379,30,6,20,7.3,6598|6601|6605|8289|55193|79576,SMARCB1|SMARCC2|SMARCE1|ARID1A|PBRM1|NKAP,-3.8
MyList,GO Biological Processes,19,GO:0006338,chromatin remodeling,19_GO:0009987 cellular process,-5.8,12,8.3,30244,609,30,7,23,7.7,1108|6598|6601|6605|8289|8467|55193,CHD4|SMARCB1|SMARCC2|SMARCE1|ARID1A|SMARCA5|PBRM1,-3.8
MyList,GO Biological Processes,19,GO:1902806,regulation of cell cycle G1/S phase transition,19_GO:0050789 regulation of biological process,-5.7,24,10,30244,212,30,5,17,6.8,6598|6601|6605|8289|55193,SMARCB1|SMARCC2|SMARCE1|ARID1A|PBRM1,-3.7
MyList,GO Biological Processes,19,GO:0050867,positive regulation of cell activation,19_GO:0048518 positive regulation of biological process,-5.7,15,9,30244,395,30,6,20,7.3,6598|6601|6605|8289|55193|79576,SMARCB1|SMARCC2|SMARCE1|ARID1A|PBRM1|NKAP,-3.7
MyList,CORUM,33,CORUM:1257,ALL-1 supercomplex,,-5.5,1.1e+02,18,30244,28,30,3,10,5.5,6598|6601|8467,SMARCB1|SMARCC2|SMARCA5,-3.6
MyList,Reactome Gene Sets,6,R-HSA-8878171,Transcriptional regulation by RUNX1,,-5.5,21,9.9,30244,237,30,5,17,6.8,6598|6601|6605|8289|55193,SMARCB1|SMARCC2|SMARCE1|ARID1A|PBRM1,-3.5
MyList,KEGG Pathway,24,hsa03013,Nucleocytoplasmic transport,,-5.4,37,12,30244,108,30,4,13,6.2,5411|9939|10921|22985,PNN|RBM8A|RNPS1|ACIN1,-3.4
MyList,WikiPathways,27,WP4321,Thermogenesis,,-5.4,37,12,30244,108,30,4,13,6.2,6598|6601|6605|8289,SMARCB1|SMARCC2|SMARCE1|ARID1A,-3.4
MyList,GO Biological Processes,19,GO:1901987,regulation of cell cycle phase transition,19_GO:0050789 regulation of biological process,-5.3,13,8.3,30244,456,30,6,20,7.3,6598|6601|6605|8289|27339|55193,SMARCB1|SMARCC2|SMARCE1|ARID1A|PRPF19|PBRM1,-3.3
MyList,GO Biological Processes,19,GO:0045785,positive regulation of cell adhesion,19_GO:0048518 positive regulation of biological process,-5.2,13,8.1,30244,482,30,6,20,7.3,6598|6601|6605|8289|55193|79576,SMARCB1|SMARCC2|SMARCE1|ARID1A|PBRM1|NKAP,-3.2
MyList,GO Biological Processes,19,GO:0000184,"nuclear-transcribed mRNA catabolic process, nonsense-mediated decay",19_GO:0048519 negative regulation of biological process,-5.1,80,15,30244,38,30,3,10,5.5,2107|9939|10921,ETF1|RBM8A|RNPS1,-3.2
MyList,GO Biological Processes,19,GO:0022407,regulation of cell-cell adhesion,19_GO:0050789 regulation of biological process,-5.1,12,8,30244,492,30,6,20,7.3,6598|6601|6605|8289|55193|79576,SMARCB1|SMARCC2|SMARCE1|ARID1A|PBRM1|NKAP,-3.2
MyList,GO Biological Processes,19,GO:0051249,regulation of lymphocyte activation,19_GO:0002376 immune system process,-5.1,12,7.8,30244,504,30,6,20,7.3,6598|6601|6605|8289|55193|79576,SMARCB1|SMARCC2|SMARCE1|ARID1A|PBRM1|NKAP,-3.1
MyList,GO Biological Processes,19,GO:0007346,regulation of mitotic cell cycle,19_GO:0050789 regulation of biological process,-5,12,7.7,30244,518,30,6,20,7.3,1104|6598|6601|6605|8289|55193,RCC1|SMARCB1|SMARCC2|SMARCE1|ARID1A|PBRM1,-3.1
MyList,GO Biological Processes,19,GO:1902459,positive regulation of stem cell population maintenance,19_GO:0032502 developmental process,-4.8,62,13,30244,49,30,3,10,5.5,6598|6605|8289,SMARCB1|SMARCE1|ARID1A,-2.9
MyList,GO Biological Processes,19,GO:0006401,RNA catabolic process,19_GO:0008152 metabolic process,-4.7,24,9.5,30244,166,30,4,13,6.2,2107|3184|9939|10921,ETF1|HNRNPD|RBM8A|RNPS1,-2.8
MyList,GO Biological Processes,19,GO:0002694,regulation of leukocyte activation,19_GO:0002376 immune system process,-4.6,10,7.1,30244,600,30,6,20,7.3,6598|6601|6605|8289|55193|79576,SMARCB1|SMARCC2|SMARCE1|ARID1A|PBRM1|NKAP,-2.7
MyList,GO Biological Processes,19,GO:0000381,"regulation of alternative mRNA splicing, via spliceosome",19_GO:0008152 metabolic process,-4.6,54,13,30244,56,30,3,10,5.5,5725|9939|10921,PTBP1|RBM8A|RNPS1,-2.7
MyList,GO Biological Processes,19,GO:1901990,regulation of mitotic cell cycle phase transition,19_GO:0050789 regulation of biological process,-4.6,14,7.9,30244,355,30,5,17,6.8,6598|6601|6605|8289|55193,SMARCB1|SMARCC2|SMARCE1|ARID1A|PBRM1,-2.7
MyList,GO Biological Processes,19,GO:0050865,regulation of cell activation,19_GO:0032501 multicellular organismal process,-4.4,9.2,6.7,30244,657,30,6,20,7.3,6598|6601|6605|8289|55193|79576,SMARCB1|SMARCC2|SMARCE1|ARID1A|PBRM1|NKAP,-2.5
MyList,GO Biological Processes,19,GO:2000036,regulation of stem cell population maintenance,19_GO:0032502 developmental process,-4.3,41,11,30244,74,30,3,10,5.5,6598|6605|8289,SMARCB1|SMARCE1|ARID1A,-2.4
MyList,GO Biological Processes,19,GO:0080135,regulation of cellular response to stress,19_GO:0050896 response to stimulus,-4.3,8.6,6.4,30244,700,30,6,20,7.3,6598|6601|6605|8289|24144|55193,SMARCB1|SMARCC2|SMARCE1|ARID1A|TFIP11|PBRM1,-2.4
MyList,KEGG Pathway,24,hsa04714,Thermogenesis,,-4.1,17,7.9,30244,232,30,4,13,6.2,6598|6601|6605|8289,SMARCB1|SMARCC2|SMARCE1|ARID1A,-2.3
MyList,GO Biological Processes,19,GO:0006974,DNA damage response,19_GO:0050896 response to stimulus,-4.1,8,6.2,30244,753,30,6,20,7.3,1108|5930|8467|22938|24144|27339,CHD4|RBBP6|SMARCA5|SNW1|TFIP11|PRPF19,-2.2
MyList,GO Biological Processes,19,GO:0006259,DNA metabolic process,19_GO:0008152 metabolic process,-4,7.8,6,30244,780,30,6,20,7.3,1108|5930|6598|8467|24144|27339,CHD4|RBBP6|SMARCB1|SMARCA5|TFIP11|PRPF19,-2.2
MyList,GO Biological Processes,19,GO:1903312,negative regulation of mRNA metabolic process,19_GO:0048519 negative regulation of biological process,-3.9,32,9.4,30244,96,30,3,10,5.5,3184|5725|10921,HNRNPD|PTBP1|RNPS1,-2.1
MyList,GO Biological Processes,19,GO:0000956,nuclear-transcribed mRNA catabolic process,19_GO:0048519 negative regulation of biological process,-3.8,29,9.1,30244,103,30,3,10,5.5,2107|9939|10921,ETF1|RBM8A|RNPS1,-2
MyList,GO Biological Processes,19,GO:0034655,nucleobase-containing compound catabolic process,19_GO:0008152 metabolic process,-3.7,14,7,30244,287,30,4,13,6.2,2107|3184|9939|10921,ETF1|HNRNPD|RBM8A|RNPS1,-1.9
MyList,Reactome Gene Sets,6,R-HSA-975957,Nonsense Mediated Decay (NMD) enhanced by the Exon Junction Complex (EJC),,-3.7,26,8.5,30244,116,30,3,10,5.5,2107|9939|10921,ETF1|RBM8A|RNPS1,-1.9
MyList,Reactome Gene Sets,6,R-HSA-927802,Nonsense-Mediated Decay (NMD),,-3.7,26,8.5,30244,116,30,3,10,5.5,2107|9939|10921,ETF1|RBM8A|RNPS1,-1.9
MyList,GO Biological Processes,19,GO:0006402,mRNA catabolic process,19_GO:0048519 negative regulation of biological process,-3.6,24,8.2,30244,125,30,3,10,5.5,2107|9939|10921,ETF1|RBM8A|RNPS1,-1.8
MyList,WikiPathways,27,WP411,mRNA processing,,-3.6,24,8.2,30244,126,30,3,10,5.5,3184|5725|10921,HNRNPD|PTBP1|RNPS1,-1.8
MyList,GO Biological Processes,19,GO:0006351,DNA-templated transcription,19_GO:0008152 metabolic process,-3.6,8.5,5.8,30244,592,30,5,17,6.8,2969|6598|8467|10921|55193,GTF2I|SMARCB1|SMARCA5|RNPS1|PBRM1,-1.8
MyList,GO Biological Processes,19,GO:0097659,nucleic acid-templated transcription,19_GO:0008152 metabolic process,-3.6,8.5,5.8,30244,594,30,5,17,6.8,2969|6598|8467|10921|55193,GTF2I|SMARCB1|SMARCA5|RNPS1|PBRM1,-1.8
MyList,GO Biological Processes,19,GO:0044270,cellular nitrogen compound catabolic process,19_GO:0008152 metabolic process,-3.5,12,6.5,30244,326,30,4,13,6.2,2107|3184|9939|10921,ETF1|HNRNPD|RBM8A|RNPS1,-1.7
MyList,GO Biological Processes,19,GO:0032774,RNA biosynthetic process,19_GO:0008152 metabolic process,-3.5,8.3,5.7,30244,605,30,5,17,6.8,2969|6598|8467|10921|55193,GTF2I|SMARCB1|SMARCA5|RNPS1|PBRM1,-1.7
MyList,GO Biological Processes,19,GO:0046700,heterocycle catabolic process,19_GO:0008152 metabolic process,-3.5,12,6.5,30244,328,30,4,13,6.2,2107|3184|9939|10921,ETF1|HNRNPD|RBM8A|RNPS1,-1.7
MyList,GO Biological Processes,19,GO:0019439,aromatic compound catabolic process,19_GO:0008152 metabolic process,-3.4,12,6.3,30244,345,30,4,13,6.2,2107|3184|9939|10921,ETF1|HNRNPD|RBM8A|RNPS1,-1.6
MyList,GO Biological Processes,19,GO:1901361,organic cyclic compound catabolic process,19_GO:0008152 metabolic process,-3.3,11,6,30244,376,30,4,13,6.2,2107|3184|9939|10921,ETF1|HNRNPD|RBM8A|RNPS1,-1.5
MyList,GO Biological Processes,19,GO:0030522,intracellular receptor signaling pathway,19_GO:0050896 response to stimulus,-3.2,18,7.1,30244,164,30,3,10,5.5,6294|8289|22938,SAFB|ARID1A|SNW1,-1.5
MyList,Reactome Gene Sets,6,R-HSA-9010553,Regulation of expression of SLITs and ROBOs,,-3.2,18,6.9,30244,172,30,3,10,5.5,2107|9939|10921,ETF1|RBM8A|RNPS1,-1.4
MyList,GO Biological Processes,19,GO:1903313,positive regulation of mRNA metabolic process,19_GO:0048518 positive regulation of biological process,-3.1,17,6.7,30244,178,30,3,10,5.5,3184|22938|27339,HNRNPD|SNW1|PRPF19,-1.4
MyList,GO Biological Processes,19,GO:0040029,epigenetic regulation of gene expression,19_GO:0008152 metabolic process,-3.1,16,6.6,30244,184,30,3,10,5.5,6598|8289|8467,SMARCB1|ARID1A|SMARCA5,-1.3
MyList,Reactome Gene Sets,6,R-HSA-376176,Signaling by ROBO receptors,,-2.9,14,6,30244,219,30,3,10,5.5,2107|9939|10921,ETF1|RBM8A|RNPS1,-1.1
MyList,GO Biological Processes,19,GO:0016032,viral process,19_GO:0016032 viral process,-2.7,12,5.6,30244,247,30,3,10,5.5,1104|5725|6598,RCC1|PTBP1|SMARCB1,-0.95
MyList,GO Biological Processes,19,GO:0071396,cellular response to lipid,19_GO:0050896 response to stimulus,-2.7,7.5,4.8,30244,537,30,4,13,6.2,3184|6294|8289|22938,HNRNPD|SAFB|ARID1A|SNW1,-0.95
MyList,Reactome Gene Sets,6,R-HSA-73894,DNA Repair,,-2.4,9,4.7,30244,335,30,3,10,5.5,8467|9716|27339,SMARCA5|AQR|PRPF19,-0.59
MyList,GO Biological Processes,19,GO:0001701,in utero embryonic development,19_GO:0032502 developmental process,-2.2,7.7,4.2,30244,392,30,3,10,5.5,5930|6598|9541,RBBP6|SMARCB1|CIR1,-0.4
MyList_MCODE_ALL,Reactome Gene Sets,6,R-HSA-72163,mRNA Splicing - Major Pathway,,-20,95,32,30244,207,17,11,65,12,3184|5411|5725|9716|9939|10921|22938|22985|24144|27339|79576,HNRNPD|PNN|PTBP1|AQR|RBM8A|RNPS1|SNW1|ACIN1|TFIP11|PRPF19|NKAP,-16
MyList_MCODE_ALL,Reactome Gene Sets,6,R-HSA-72172,mRNA Splicing,,-20,91,31,30244,215,17,11,65,12,3184|5411|5725|9716|9939|10921|22938|22985|24144|27339|79576,HNRNPD|PNN|PTBP1|AQR|RBM8A|RNPS1|SNW1|ACIN1|TFIP11|PRPF19|NKAP,-16
MyList_MCODE_ALL,Reactome Gene Sets,6,R-HSA-72203,Processing of Capped Intron-Containing Pre-mRNA,,-18,69,27,30244,285,17,11,65,12,3184|5411|5725|9716|9939|10921|22938|22985|24144|27339|79576,HNRNPD|PNN|PTBP1|AQR|RBM8A|RNPS1|SNW1|ACIN1|TFIP11|PRPF19|NKAP,-14
MyList_MCODE_ALL,Reactome Gene Sets,6,R-HSA-8953854,Metabolism of RNA,,-14,27,17,30244,716,17,11,65,12,3184|5411|5725|9716|9939|10921|22938|22985|24144|27339|79576,HNRNPD|PNN|PTBP1|AQR|RBM8A|RNPS1|SNW1|ACIN1|TFIP11|PRPF19|NKAP,-11
MyList_MCODE_ALL,GO Biological Processes,19,GO:0006397,mRNA processing,19_GO:0008152 metabolic process,-14,36,19,30244,489,17,10,59,12,5411|5725|5930|9716|9939|10921|22938|22985|24144|27339,PNN|PTBP1|RBBP6|AQR|RBM8A|RNPS1|SNW1|ACIN1|TFIP11|PRPF19,-10
MyList_MCODE_ALL,GO Biological Processes,19,GO:0008380,RNA splicing,19_GO:0008152 metabolic process,-13,39,18,30244,407,17,9,53,12,5411|5725|9716|9939|10921|22938|22985|24144|27339,PNN|PTBP1|AQR|RBM8A|RNPS1|SNW1|ACIN1|TFIP11|PRPF19,-9.3
MyList_MCODE_ALL,GO Biological Processes,19,GO:0016071,mRNA metabolic process,19_GO:0008152 metabolic process,-12,27,16,30244,649,17,10,59,12,5411|5725|5930|9716|9939|10921|22938|22985|24144|27339,PNN|PTBP1|RBBP6|AQR|RBM8A|RNPS1|SNW1|ACIN1|TFIP11|PRPF19,-9.3
MyList_MCODE_ALL,GO Biological Processes,19,GO:0000398,"mRNA splicing, via spliceosome",19_GO:0008152 metabolic process,-10,46,18,30244,272,17,7,41,12,5411|9716|9939|10921|22938|24144|27339,PNN|AQR|RBM8A|RNPS1|SNW1|TFIP11|PRPF19,-7.2
MyList_MCODE_ALL,GO Biological Processes,19,GO:0000377,"RNA splicing, via transesterification reactions with bulged adenosine as nucleophile",19_GO:0008152 metabolic process,-10,46,18,30244,272,17,7,41,12,5411|9716|9939|10921|22938|24144|27339,PNN|AQR|RBM8A|RNPS1|SNW1|TFIP11|PRPF19,-7.2
MyList_MCODE_ALL,GO Biological Processes,19,GO:0000375,"RNA splicing, via transesterification reactions",19_GO:0008152 metabolic process,-10,45,17,30244,276,17,7,41,12,5411|9716|9939|10921|22938|24144|27339,PNN|AQR|RBM8A|RNPS1|SNW1|TFIP11|PRPF19,-7.2
MyList_MCODE_ALL,CORUM,33,CORUM:351,Spliceosome,,-10,76,21,30244,141,17,6,35,12,9716|9939|10921|22938|22985|27339,AQR|RBM8A|RNPS1|SNW1|ACIN1|PRPF19,-7.2
MyList_MCODE_ALL,CORUM,33,CORUM:778,LARC complex (LCR-associated remodeling complex),,-9.6,3.7e+02,39,30244,19,17,4,24,10,1108|6598|6601|6605,CHD4|SMARCB1|SMARCC2|SMARCE1,-6.9
MyList_MCODE_ALL,CORUM,33,CORUM:1181,C complex spliceosome,,-9.2,1.1e+02,24,30244,79,17,5,29,11,5411|9716|9939|22938|27339,PNN|AQR|RBM8A|SNW1|PRPF19,-6.6
MyList_MCODE_ALL,GO Biological Processes,19,GO:0010720,positive regulation of cell development,19_GO:0032502 developmental process,-8.6,28,14,30244,442,17,7,41,12,6598|6601|6605|22938|22985|27339|79576,SMARCB1|SMARCC2|SMARCE1|SNW1|ACIN1|PRPF19|NKAP,-6.1
MyList_MCODE_ALL,GO Biological Processes,19,GO:0048024,"regulation of mRNA splicing, via spliceosome",19_GO:0008152 metabolic process,-8.5,82,20,30244,108,17,5,29,11,5725|9939|10921|22938|27339,PTBP1|RBM8A|RNPS1|SNW1|PRPF19,-6.1
MyList_MCODE_ALL,CORUM,33,CORUM:1251,BAF complex,,-8.1,6.7e+02,45,30244,8,17,3,18,9.2,6598|6601|6605,SMARCB1|SMARCC2|SMARCE1,-5.7
MyList_MCODE_ALL,CORUM,33,CORUM:564,BAF complex,,-8.1,6.7e+02,45,30244,8,17,3,18,9.2,6598|6601|6605,SMARCB1|SMARCC2|SMARCE1,-5.7
MyList_MCODE_ALL,GO Biological Processes,19,GO:0050684,regulation of mRNA processing,19_GO:0008152 metabolic process,-7.9,64,18,30244,139,17,5,29,11,5725|9939|10921|22938|27339,PTBP1|RBM8A|RNPS1|SNW1|PRPF19,-5.6
MyList_MCODE_ALL,CORUM,33,CORUM:711,Brm-associated complex,,-7.9,5.9e+02,42,30244,9,17,3,18,9.2,6598|6601|6605,SMARCB1|SMARCC2|SMARCE1,-5.6
MyList_MCODE_ALL,CORUM,33,CORUM:3065,"RNA polymerase II complex, chromatin structure modifying",,-7.9,5.9e+02,42,30244,9,17,3,18,9.2,6598|6601|6605,SMARCB1|SMARCC2|SMARCE1,-5.6
MyList_MCODE_ALL,CORUM,33,CORUM:1238,PBAF complex (Polybromo- and BAF containing complex),,-7.9,5.9e+02,42,30244,9,17,3,18,9.2,6598|6601|6605,SMARCB1|SMARCC2|SMARCE1,-5.6
MyList_MCODE_ALL,CORUM,33,CORUM:710,Brg1-associated complex I,,-7.9,5.9e+02,42,30244,9,17,3,18,9.2,6598|6601|6605,SMARCB1|SMARCC2|SMARCE1,-5.6
MyList_MCODE_ALL,CORUM,33,CORUM:1237,BAF complex,,-7.9,5.9e+02,42,30244,9,17,3,18,9.2,6598|6601|6605,SMARCB1|SMARCC2|SMARCE1,-5.6
MyList_MCODE_ALL,CORUM,33,CORUM:565,PBAF complex (Polybromo- and BAF containing complex),,-7.9,5.9e+02,42,30244,9,17,3,18,9.2,6598|6601|6605,SMARCB1|SMARCC2|SMARCE1,-5.6
MyList_MCODE_ALL,CORUM,33,CORUM:566,BAF complex,,-7.9,5.9e+02,42,30244,9,17,3,18,9.2,6598|6601|6605,SMARCB1|SMARCC2|SMARCE1,-5.6
MyList_MCODE_ALL,CORUM,33,CORUM:807,BRG1-associated complex,,-7.9,5.9e+02,42,30244,9,17,3,18,9.2,6598|6601|6605,SMARCB1|SMARCC2|SMARCE1,-5.6
MyList_MCODE_ALL,CORUM,33,CORUM:556,PBAF complex (Polybromo- and BAF containing complex),,-7.9,5.9e+02,42,30244,9,17,3,18,9.2,6598|6601|6605,SMARCB1|SMARCC2|SMARCE1,-5.6
MyList_MCODE_ALL,CORUM,33,CORUM:555,BAF complex,,-7.9,5.9e+02,42,30244,9,17,3,18,9.2,6598|6601|6605,SMARCB1|SMARCC2|SMARCE1,-5.6
MyList_MCODE_ALL,CORUM,33,CORUM:238,SWI-SNF chromatin remodeling-related-BRCA1 complex,,-7.8,5.3e+02,40,30244,10,17,3,18,9.2,6598|6601|6605,SMARCB1|SMARCC2|SMARCE1,-5.5
MyList_MCODE_ALL,CORUM,33,CORUM:1239,EBAFb complex,,-7.8,5.3e+02,40,30244,10,17,3,18,9.2,6598|6601|6605,SMARCB1|SMARCC2|SMARCE1,-5.5
MyList_MCODE_ALL,CORUM,33,CORUM:86,NUMAC complex (nucleosomal methylation activator complex),,-7.8,5.3e+02,40,30244,10,17,3,18,9.2,6598|6601|6605,SMARCB1|SMARCC2|SMARCE1,-5.5
MyList_MCODE_ALL,CORUM,33,CORUM:554,PBAF complex (Polybromo- and BAF containing complex),,-7.8,5.3e+02,40,30244,10,17,3,18,9.2,6598|6601|6605,SMARCB1|SMARCC2|SMARCE1,-5.5
MyList_MCODE_ALL,CORUM,33,CORUM:808,BRM-associated complex,,-7.8,5.3e+02,40,30244,10,17,3,18,9.2,6598|6601|6605,SMARCB1|SMARCC2|SMARCE1,-5.5
MyList_MCODE_ALL,CORUM,33,CORUM:149,PBAF complex (Polybromo- and BAF containing complex),,-7.8,5.3e+02,40,30244,10,17,3,18,9.2,6598|6601|6605,SMARCB1|SMARCC2|SMARCE1,-5.5
MyList_MCODE_ALL,CORUM,33,CORUM:1252,EBAFa complex,,-7.8,5.3e+02,40,30244,10,17,3,18,9.2,6598|6601|6605,SMARCB1|SMARCC2|SMARCE1,-5.5
MyList_MCODE_ALL,KEGG Pathway,24,hsa03040,Spliceosome,,-7.7,57,17,30244,156,17,5,29,11,9716|9939|22938|22985|27339,AQR|RBM8A|SNW1|ACIN1|PRPF19,-5.5
MyList_MCODE_ALL,CORUM,33,CORUM:803,BRG1-SIN3A-HDAC containing SWI/SNF remodeling complex I,,-7.6,4.9e+02,38,30244,11,17,3,18,9.2,6598|6601|6605,SMARCB1|SMARCC2|SMARCE1,-5.4
MyList_MCODE_ALL,GO Biological Processes,19,GO:1903311,regulation of mRNA metabolic process,19_GO:0008152 metabolic process,-7.6,30,13,30244,351,17,6,35,12,3184|5725|9939|10921|22938|27339,HNRNPD|PTBP1|RBM8A|RNPS1|SNW1|PRPF19,-5.4
MyList_MCODE_ALL,CORUM,33,CORUM:806,BRM-SIN3A-HDAC complex,,-7.5,4.4e+02,36,30244,12,17,3,18,9.2,6598|6601|6605,SMARCB1|SMARCC2|SMARCE1,-5.3
MyList_MCODE_ALL,CORUM,33,CORUM:189,BAF complex,,-7.4,4.1e+02,35,30244,13,17,3,18,9.2,6598|6601|6605,SMARCB1|SMARCC2|SMARCE1,-5.2
MyList_MCODE_ALL,GO Biological Processes,19,GO:0043484,regulation of RNA splicing,19_GO:0008152 metabolic process,-7.3,49,15,30244,183,17,5,29,11,5725|9939|10921|22938|27339,PTBP1|RBM8A|RNPS1|SNW1|PRPF19,-5.2
MyList_MCODE_ALL,GO Biological Processes,19,GO:1903708,positive regulation of hemopoiesis,19_GO:0002376 immune system process,-7.3,48,15,30244,186,17,5,29,11,6598|6601|6605|22985|79576,SMARCB1|SMARCC2|SMARCE1|ACIN1|NKAP,-5.1
MyList_MCODE_ALL,GO Biological Processes,19,GO:1902107,positive regulation of leukocyte differentiation,19_GO:0002376 immune system process,-7.3,48,15,30244,186,17,5,29,11,6598|6601|6605|22985|79576,SMARCB1|SMARCC2|SMARCE1|ACIN1|NKAP,-5.1
MyList_MCODE_ALL,CORUM,33,CORUM:713,BRG1-SIN3A complex,,-7.3,3.8e+02,34,30244,14,17,3,18,9.2,6598|6601|6605,SMARCB1|SMARCC2|SMARCE1,-5.1
MyList_MCODE_ALL,CORUM,33,CORUM:1230,WINAC complex,,-7.3,3.8e+02,34,30244,14,17,3,18,9.2,6598|6601|6605,SMARCB1|SMARCC2|SMARCE1,-5.1
MyList_MCODE_ALL,CORUM,33,CORUM:714,BRM-SIN3A complex,,-7.2,3.6e+02,33,30244,15,17,3,18,9.2,6598|6601|6605,SMARCB1|SMARCC2|SMARCE1,-5
MyList_MCODE_ALL,GO Biological Processes,19,GO:0006337,nucleosome disassembly,19_GO:0009987 cellular process,-6.8,2.8e+02,29,30244,19,17,3,18,9.2,6598|6601|6605,SMARCB1|SMARCC2|SMARCE1,-4.7
MyList_MCODE_ALL,CORUM,33,CORUM:5614,Emerin complex 32,,-6.7,2.5e+02,28,30244,21,17,3,18,9.2,1108|6598|6601,CHD4|SMARCB1|SMARCC2,-4.6
MyList_MCODE_ALL,GO Biological Processes,19,GO:0032986,protein-DNA complex disassembly,19_GO:0009987 cellular process,-6.7,2.5e+02,28,30244,21,17,3,18,9.2,6598|6601|6605,SMARCB1|SMARCC2|SMARCE1,-4.6
MyList_MCODE_ALL,KEGG Pathway,24,hsa03015,mRNA surveillance pathway,,-6.6,73,17,30244,97,17,4,24,10,5411|9939|10921|22985,PNN|RBM8A|RNPS1|ACIN1,-4.5
MyList_MCODE_ALL,GO Biological Processes,19,GO:0051052,regulation of DNA metabolic process,19_GO:0008152 metabolic process,-6.5,20,11,30244,533,17,6,35,12,3184|5930|6598|6601|6605|24144,HNRNPD|RBBP6|SMARCB1|SMARCC2|SMARCE1|TFIP11,-4.4
MyList_MCODE_ALL,KEGG Pathway,24,hsa03013,Nucleocytoplasmic transport,,-6.5,66,16,30244,108,17,4,24,10,5411|9939|10921|22985,PNN|RBM8A|RNPS1|ACIN1,-4.4
MyList_MCODE_ALL,GO Biological Processes,19,GO:0045582,positive regulation of T cell differentiation,19_GO:0002376 immune system process,-6.3,61,15,30244,116,17,4,24,10,6598|6601|6605|79576,SMARCB1|SMARCC2|SMARCE1|NKAP,-4.3
MyList_MCODE_ALL,GO Biological Processes,19,GO:2000819,regulation of nucleotide-excision repair,19_GO:0050896 response to stimulus,-6.3,1.9e+02,24,30244,28,17,3,18,9.2,6598|6601|6605,SMARCB1|SMARCC2|SMARCE1,-4.3
MyList_MCODE_ALL,WikiPathways,27,WP4204,Tumor suppressor activity of SMARCB1,,-6.2,1.7e+02,23,30244,31,17,3,18,9.2,6598|6601|6605,SMARCB1|SMARCC2|SMARCE1,-4.1
MyList_MCODE_ALL,GO Biological Processes,19,GO:0022411,cellular component disassembly,19_GO:0009987 cellular process,-6.1,28,11,30244,321,17,5,29,11,6598|6601|6605|22985|24144,SMARCB1|SMARCC2|SMARCE1|ACIN1|TFIP11,-4.1
MyList_MCODE_ALL,GO Biological Processes,19,GO:1902105,regulation of leukocyte differentiation,19_GO:0002376 immune system process,-6.1,28,11,30244,322,17,5,29,11,6598|6601|6605|22985|79576,SMARCB1|SMARCC2|SMARCE1|ACIN1|NKAP,-4.1
MyList_MCODE_ALL,GO Biological Processes,19,GO:0045621,positive regulation of lymphocyte differentiation,19_GO:0002376 immune system process,-6.1,55,15,30244,130,17,4,24,10,6598|6601|6605|79576,SMARCB1|SMARCC2|SMARCE1|NKAP,-4.1
MyList_MCODE_ALL,GO Biological Processes,19,GO:2000779,regulation of double-strand break repair,19_GO:0050896 response to stimulus,-6.1,53,14,30244,134,17,4,24,10,6598|6601|6605|24144,SMARCB1|SMARCC2|SMARCE1|TFIP11,-4.1
MyList_MCODE_ALL,GO Biological Processes,19,GO:0032984,protein-containing complex disassembly,19_GO:0009987 cellular process,-6,52,14,30244,138,17,4,24,10,6598|6601|6605|24144,SMARCB1|SMARCC2|SMARCE1|TFIP11,-4
MyList_MCODE_ALL,Reactome Gene Sets,6,R-HSA-8939243,RUNX1 interacts with co-factors whose precise effect on RUNX1 targets is not known,,-5.9,1.4e+02,20,30244,38,17,3,18,9.2,6598|6601|6605,SMARCB1|SMARCC2|SMARCE1,-3.9
MyList_MCODE_ALL,GO Biological Processes,19,GO:0070316,regulation of G0 to G1 transition,19_GO:0050789 regulation of biological process,-5.9,1.4e+02,20,30244,39,17,3,18,9.2,6598|6601|6605,SMARCB1|SMARCC2|SMARCE1,-3.9
MyList_MCODE_ALL,GO Biological Processes,19,GO:0045663,positive regulation of myoblast differentiation,19_GO:0032502 developmental process,-5.7,1.2e+02,19,30244,43,17,3,18,9.2,6598|6601|6605,SMARCB1|SMARCC2|SMARCE1,-3.7
MyList_MCODE_ALL,GO Biological Processes,19,GO:1903706,regulation of hemopoiesis,19_GO:0002376 immune system process,-5.6,21,9.9,30244,418,17,5,29,11,6598|6601|6605|22985|79576,SMARCB1|SMARCC2|SMARCE1|ACIN1|NKAP,-3.6
MyList_MCODE_ALL,GO Biological Processes,19,GO:0045580,regulation of T cell differentiation,19_GO:0002376 immune system process,-5.6,40,12,30244,180,17,4,24,10,6598|6601|6605|79576,SMARCB1|SMARCC2|SMARCE1|NKAP,-3.6
MyList_MCODE_ALL,GO Biological Processes,19,GO:0000381,"regulation of alternative mRNA splicing, via spliceosome",19_GO:0008152 metabolic process,-5.4,95,17,30244,56,17,3,18,9.2,5725|9939|10921,PTBP1|RBM8A|RNPS1,-3.4
MyList_MCODE_ALL,GO Biological Processes,19,GO:0045619,regulation of lymphocyte differentiation,19_GO:0002376 immune system process,-5.3,34,11,30244,212,17,4,24,10,6598|6601|6605|79576,SMARCB1|SMARCC2|SMARCE1|NKAP,-3.3
MyList_MCODE_ALL,GO Biological Processes,19,GO:0006282,regulation of DNA repair,19_GO:0050896 response to stimulus,-5.3,33,11,30244,215,17,4,24,10,6598|6601|6605|24144,SMARCB1|SMARCC2|SMARCE1|TFIP11,-3.3
MyList_MCODE_ALL,GO Biological Processes,19,GO:0045661,regulation of myoblast differentiation,19_GO:0032502 developmental process,-5,73,15,30244,73,17,3,18,9.2,6598|6601|6605,SMARCB1|SMARCC2|SMARCE1,-3.1
MyList_MCODE_ALL,GO Biological Processes,19,GO:0033044,regulation of chromosome organization,19_GO:0050789 regulation of biological process,-5,29,10,30244,248,17,4,24,10,3184|6598|6601|6605,HNRNPD|SMARCB1|SMARCC2|SMARCE1,-3.1
MyList_MCODE_ALL,GO Biological Processes,19,GO:0050870,positive regulation of T cell activation,19_GO:0002376 immune system process,-5,29,10,30244,249,17,4,24,10,6598|6601|6605|79576,SMARCB1|SMARCC2|SMARCE1|NKAP,-3.1
MyList_MCODE_ALL,Reactome Gene Sets,6,R-HSA-3214858,RMTs methylate histone arginines,,-5,68,14,30244,78,17,3,18,9.2,6598|6601|6605,SMARCB1|SMARCC2|SMARCE1,-3
MyList_MCODE_ALL,Reactome Gene Sets,6,R-HSA-4839726,Chromatin organization,,-4.9,26,9.9,30244,272,17,4,24,10,1108|6598|6601|6605,CHD4|SMARCB1|SMARCC2|SMARCE1,-2.9
MyList_MCODE_ALL,Reactome Gene Sets,6,R-HSA-3247509,Chromatin modifying enzymes,,-4.9,26,9.9,30244,272,17,4,24,10,1108|6598|6601|6605,CHD4|SMARCB1|SMARCC2|SMARCE1,-2.9
MyList_MCODE_ALL,GO Biological Processes,19,GO:1903039,positive regulation of leukocyte cell-cell adhesion,19_GO:0048518 positive regulation of biological process,-4.9,26,9.9,30244,273,17,4,24,10,6598|6601|6605|79576,SMARCB1|SMARCC2|SMARCE1|NKAP,-2.9
MyList_MCODE_ALL,GO Biological Processes,19,GO:2000781,positive regulation of double-strand break repair,19_GO:0048518 positive regulation of biological process,-4.8,63,14,30244,85,17,3,18,9.2,6598|6601|6605,SMARCB1|SMARCC2|SMARCE1,-2.9
MyList_MCODE_ALL,GO Biological Processes,19,GO:0030071,regulation of mitotic metaphase/anaphase transition,19_GO:0050789 regulation of biological process,-4.8,59,13,30244,90,17,3,18,9.2,6598|6601|6605,SMARCB1|SMARCC2|SMARCE1,-2.9
MyList_MCODE_ALL,GO Biological Processes,19,GO:1902099,regulation of metaphase/anaphase transition of cell cycle,19_GO:0050789 regulation of biological process,-4.7,57,13,30244,93,17,3,18,9.2,6598|6601|6605,SMARCB1|SMARCC2|SMARCE1,-2.8
MyList_MCODE_ALL,GO Biological Processes,19,GO:1903312,negative regulation of mRNA metabolic process,19_GO:0048519 negative regulation of biological process,-4.7,56,13,30244,96,17,3,18,9.2,3184|5725|10921,HNRNPD|PTBP1|RNPS1,-2.8
MyList_MCODE_ALL,GO Biological Processes,19,GO:0051054,positive regulation of DNA metabolic process,19_GO:0048518 positive regulation of biological process,-4.7,24,9.3,30244,302,17,4,24,10,3184|6598|6601|6605,HNRNPD|SMARCB1|SMARCC2|SMARCE1,-2.8
MyList_MCODE_ALL,GO Biological Processes,19,GO:0033045,regulation of sister chromatid segregation,19_GO:0050789 regulation of biological process,-4.6,51,12,30244,104,17,3,18,9.2,6598|6601|6605,SMARCB1|SMARCC2|SMARCE1,-2.7
MyList_MCODE_ALL,GO Biological Processes,19,GO:0022409,positive regulation of cell-cell adhesion,19_GO:0048518 positive regulation of biological process,-4.6,22,9,30244,321,17,4,24,10,6598|6601|6605|79576,SMARCB1|SMARCC2|SMARCE1|NKAP,-2.7
MyList_MCODE_ALL,GO Biological Processes,19,GO:0051251,positive regulation of lymphocyte activation,19_GO:0002376 immune system process,-4.5,22,9,30244,327,17,4,24,10,6598|6601|6605|79576,SMARCB1|SMARCC2|SMARCE1|NKAP,-2.7
MyList_MCODE_ALL,WikiPathways,27,WP4321,Thermogenesis,,-4.5,49,12,30244,108,17,3,18,9.2,6598|6601|6605,SMARCB1|SMARCC2|SMARCE1,-2.7
MyList_MCODE_ALL,GO Biological Processes,19,GO:0006974,DNA damage response,19_GO:0050896 response to stimulus,-4.3,12,7.1,30244,753,17,5,29,11,1108|5930|22938|24144|27339,CHD4|RBBP6|SNW1|TFIP11|PRPF19,-2.5
MyList_MCODE_ALL,WikiPathways,27,WP411,mRNA processing,,-4.3,42,11,30244,126,17,3,18,9.2,3184|5725|10921,HNRNPD|PTBP1|RNPS1,-2.5
MyList_MCODE_ALL,GO Biological Processes,19,GO:0045739,positive regulation of DNA repair,19_GO:0048518 positive regulation of biological process,-4.3,42,11,30244,128,17,3,18,9.2,6598|6601|6605,SMARCB1|SMARCC2|SMARCE1,-2.4
MyList_MCODE_ALL,GO Biological Processes,19,GO:0050863,regulation of T cell activation,19_GO:0002376 immune system process,-4.3,19,8.3,30244,378,17,4,24,10,6598|6601|6605|79576,SMARCB1|SMARCC2|SMARCE1|NKAP,-2.4
MyList_MCODE_ALL,GO Biological Processes,19,GO:0002696,positive regulation of leukocyte activation,19_GO:0002376 immune system process,-4.3,19,8.3,30244,378,17,4,24,10,6598|6601|6605|79576,SMARCB1|SMARCC2|SMARCE1|NKAP,-2.4
MyList_MCODE_ALL,GO Biological Processes,19,GO:1903037,regulation of leukocyte cell-cell adhesion,19_GO:0050789 regulation of biological process,-4.3,19,8.3,30244,379,17,4,24,10,6598|6601|6605|79576,SMARCB1|SMARCC2|SMARCE1|NKAP,-2.4
MyList_MCODE_ALL,GO Biological Processes,19,GO:0051983,regulation of chromosome segregation,19_GO:0050789 regulation of biological process,-4.3,41,11,30244,131,17,3,18,9.2,6598|6601|6605,SMARCB1|SMARCC2|SMARCE1,-2.4
MyList_MCODE_ALL,GO Biological Processes,19,GO:0006259,DNA metabolic process,19_GO:0008152 metabolic process,-4.3,11,7,30244,780,17,5,29,11,1108|5930|6598|24144|27339,CHD4|RBBP6|SMARCB1|TFIP11|PRPF19,-2.4
MyList_MCODE_ALL,GO Biological Processes,19,GO:0050867,positive regulation of cell activation,19_GO:0048518 positive regulation of biological process,-4.2,18,8.1,30244,395,17,4,24,10,6598|6601|6605|79576,SMARCB1|SMARCC2|SMARCE1|NKAP,-2.4
MyList_MCODE_ALL,GO Biological Processes,19,GO:0034728,nucleosome organization,19_GO:0009987 cellular process,-4.2,39,11,30244,138,17,3,18,9.2,6598|6601|6605,SMARCB1|SMARCC2|SMARCE1,-2.4
MyList_MCODE_ALL,GO Biological Processes,19,GO:1901987,regulation of cell cycle phase transition,19_GO:0050789 regulation of biological process,-4,16,7.5,30244,456,17,4,24,10,6598|6601|6605|27339,SMARCB1|SMARCC2|SMARCE1|PRPF19,-2.1
MyList_MCODE_ALL,GO Biological Processes,19,GO:0006401,RNA catabolic process,19_GO:0008152 metabolic process,-4,32,9.5,30244,166,17,3,18,9.2,3184|9939|10921,HNRNPD|RBM8A|RNPS1,-2.1
MyList_MCODE_ALL,KEGG Pathway,24,hsa05225,Hepatocellular carcinoma,,-4,32,9.5,30244,168,17,3,18,9.2,6598|6601|6605,SMARCB1|SMARCC2|SMARCE1,-2.1
MyList_MCODE_ALL,GO Biological Processes,19,GO:1903313,positive regulation of mRNA metabolic process,19_GO:0048518 positive regulation of biological process,-3.9,30,9.2,30244,178,17,3,18,9.2,3184|22938|27339,HNRNPD|SNW1|PRPF19,-2.1
MyList_MCODE_ALL,GO Biological Processes,19,GO:0045785,positive regulation of cell adhesion,19_GO:0048518 positive regulation of biological process,-3.9,15,7.2,30244,482,17,4,24,10,6598|6601|6605|79576,SMARCB1|SMARCC2|SMARCE1|NKAP,-2.1
MyList_MCODE_ALL,GO Biological Processes,19,GO:0022407,regulation of cell-cell adhesion,19_GO:0050789 regulation of biological process,-3.9,14,7.1,30244,492,17,4,24,10,6598|6601|6605|79576,SMARCB1|SMARCC2|SMARCE1|NKAP,-2
MyList_MCODE_ALL,GO Biological Processes,19,GO:2000045,regulation of G1/S transition of mitotic cell cycle,19_GO:0050789 regulation of biological process,-3.8,29,9,30244,185,17,3,18,9.2,6598|6601|6605,SMARCB1|SMARCC2|SMARCE1,-2
MyList_MCODE_ALL,GO Biological Processes,19,GO:0051249,regulation of lymphocyte activation,19_GO:0002376 immune system process,-3.8,14,7,30244,504,17,4,24,10,6598|6601|6605|79576,SMARCB1|SMARCC2|SMARCE1|NKAP,-2
MyList_MCODE_ALL,GO Biological Processes,19,GO:1902806,regulation of cell cycle G1/S phase transition,19_GO:0050789 regulation of biological process,-3.7,25,8.4,30244,212,17,3,18,9.2,6598|6601|6605,SMARCB1|SMARCC2|SMARCE1,-1.9
MyList_MCODE_ALL,KEGG Pathway,24,hsa04714,Thermogenesis,,-3.6,23,8,30244,232,17,3,18,9.2,6598|6601|6605,SMARCB1|SMARCC2|SMARCE1,-1.7
MyList_MCODE_ALL,GO Biological Processes,19,GO:0002694,regulation of leukocyte activation,19_GO:0002376 immune system process,-3.5,12,6.4,30244,600,17,4,24,10,6598|6601|6605|79576,SMARCB1|SMARCC2|SMARCE1|NKAP,-1.7
MyList_MCODE_ALL,Reactome Gene Sets,6,R-HSA-8878171,Transcriptional regulation by RUNX1,,-3.5,23,7.9,30244,237,17,3,18,9.2,6598|6601|6605,SMARCB1|SMARCC2|SMARCE1,-1.7
MyList_MCODE_ALL,GO Biological Processes,19,GO:0006338,chromatin remodeling,19_GO:0009987 cellular process,-3.5,12,6.3,30244,609,17,4,24,10,1108|6598|6601|6605,CHD4|SMARCB1|SMARCC2|SMARCE1,-1.7
MyList_MCODE_ALL,GO Biological Processes,19,GO:0050865,regulation of cell activation,19_GO:0032501 multicellular organismal process,-3.4,11,6,30244,657,17,4,24,10,6598|6601|6605|79576,SMARCB1|SMARCC2|SMARCE1|NKAP,-1.6
MyList_MCODE_ALL,GO Biological Processes,19,GO:0034655,nucleobase-containing compound catabolic process,19_GO:0008152 metabolic process,-3.3,19,7.1,30244,287,17,3,18,9.2,3184|9939|10921,HNRNPD|RBM8A|RNPS1,-1.5
MyList_MCODE_ALL,GO Biological Processes,19,GO:0080135,regulation of cellular response to stress,19_GO:0050896 response to stimulus,-3.3,10,5.8,30244,700,17,4,24,10,6598|6601|6605|24144,SMARCB1|SMARCC2|SMARCE1|TFIP11,-1.5
MyList_MCODE_ALL,GO Biological Processes,19,GO:0010564,regulation of cell cycle process,19_GO:0050789 regulation of biological process,-3.2,9.5,5.6,30244,746,17,4,24,10,6598|6601|6605|27339,SMARCB1|SMARCC2|SMARCE1|PRPF19,-1.4
MyList_MCODE_ALL,GO Biological Processes,19,GO:0006325,chromatin organization,19_GO:0009987 cellular process,-3.2,9.5,5.6,30244,748,17,4,24,10,1108|6598|6601|6605,CHD4|SMARCB1|SMARCC2|SMARCE1,-1.4
MyList_MCODE_ALL,GO Biological Processes,19,GO:0044270,cellular nitrogen compound catabolic process,19_GO:0008152 metabolic process,-3.1,16,6.6,30244,326,17,3,18,9.2,3184|9939|10921,HNRNPD|RBM8A|RNPS1,-1.3
MyList_MCODE_ALL,GO Biological Processes,19,GO:0046700,heterocycle catabolic process,19_GO:0008152 metabolic process,-3.1,16,6.6,30244,328,17,3,18,9.2,3184|9939|10921,HNRNPD|RBM8A|RNPS1,-1.3
MyList_MCODE_ALL,GO Biological Processes,19,GO:0019439,aromatic compound catabolic process,19_GO:0008152 metabolic process,-3.1,15,6.4,30244,345,17,3,18,9.2,3184|9939|10921,HNRNPD|RBM8A|RNPS1,-1.3
MyList_MCODE_ALL,GO Biological Processes,19,GO:1901990,regulation of mitotic cell cycle phase transition,19_GO:0050789 regulation of biological process,-3,15,6.3,30244,355,17,3,18,9.2,6598|6601|6605,SMARCB1|SMARCC2|SMARCE1,-1.2
MyList_MCODE_ALL,GO Biological Processes,19,GO:1901361,organic cyclic compound catabolic process,19_GO:0008152 metabolic process,-2.9,14,6.1,30244,376,17,3,18,9.2,3184|9939|10921,HNRNPD|RBM8A|RNPS1,-1.2
MyList_MCODE_ALL,GO Biological Processes,19,GO:0007346,regulation of mitotic cell cycle,19_GO:0050789 regulation of biological process,-2.5,10,5.1,30244,518,17,3,18,9.2,6598|6601|6605,SMARCB1|SMARCC2|SMARCE1,-0.77
MyList_SUB1_MCODE_1,CORUM,33,CORUM:778,LARC complex (LCR-associated remodeling complex),,-10,5.8e+02,48,30244,19,11,4,36,15,1108|6598|6601|6605,CHD4|SMARCB1|SMARCC2|SMARCE1,-7.3
MyList_SUB1_MCODE_1,Reactome Gene Sets,6,R-HSA-72163,mRNA Splicing - Major Pathway,,-10,80,22,30244,207,11,6,55,15,3184|5725|9939|24144|27339|79576,HNRNPD|PTBP1|RBM8A|TFIP11|PRPF19|NKAP,-7.3
MyList_SUB1_MCODE_1,Reactome Gene Sets,6,R-HSA-72172,mRNA Splicing,,-10,77,21,30244,215,11,6,55,15,3184|5725|9939|24144|27339|79576,HNRNPD|PTBP1|RBM8A|TFIP11|PRPF19|NKAP,-7.2
MyList_SUB1_MCODE_1,Reactome Gene Sets,6,R-HSA-72203,Processing of Capped Intron-Containing Pre-mRNA,,-9.5,58,18,30244,285,11,6,55,15,3184|5725|9939|24144|27339|79576,HNRNPD|PTBP1|RBM8A|TFIP11|PRPF19|NKAP,-6.9
MyList_SUB1_MCODE_1,CORUM,33,CORUM:564,BAF complex,,-8.7,1e+03,56,30244,8,11,3,27,13,6598|6601|6605,SMARCB1|SMARCC2|SMARCE1,-6.2
MyList_SUB1_MCODE_1,CORUM,33,CORUM:1251,BAF complex,,-8.7,1e+03,56,30244,8,11,3,27,13,6598|6601|6605,SMARCB1|SMARCC2|SMARCE1,-6.2
MyList_SUB1_MCODE_1,CORUM,33,CORUM:1237,BAF complex,,-8.5,9.2e+02,52,30244,9,11,3,27,13,6598|6601|6605,SMARCB1|SMARCC2|SMARCE1,-6.1
MyList_SUB1_MCODE_1,CORUM,33,CORUM:565,PBAF complex (Polybromo- and BAF containing complex),,-8.5,9.2e+02,52,30244,9,11,3,27,13,6598|6601|6605,SMARCB1|SMARCC2|SMARCE1,-6.1
MyList_SUB1_MCODE_1,CORUM,33,CORUM:566,BAF complex,,-8.5,9.2e+02,52,30244,9,11,3,27,13,6598|6601|6605,SMARCB1|SMARCC2|SMARCE1,-6.1
MyList_SUB1_MCODE_1,CORUM,33,CORUM:710,Brg1-associated complex I,,-8.5,9.2e+02,52,30244,9,11,3,27,13,6598|6601|6605,SMARCB1|SMARCC2|SMARCE1,-6.1
MyList_SUB1_MCODE_1,CORUM,33,CORUM:807,BRG1-associated complex,,-8.5,9.2e+02,52,30244,9,11,3,27,13,6598|6601|6605,SMARCB1|SMARCC2|SMARCE1,-6.1
MyList_SUB1_MCODE_1,CORUM,33,CORUM:556,PBAF complex (Polybromo- and BAF containing complex),,-8.5,9.2e+02,52,30244,9,11,3,27,13,6598|6601|6605,SMARCB1|SMARCC2|SMARCE1,-6.1
MyList_SUB1_MCODE_1,CORUM,33,CORUM:555,BAF complex,,-8.5,9.2e+02,52,30244,9,11,3,27,13,6598|6601|6605,SMARCB1|SMARCC2|SMARCE1,-6.1
MyList_SUB1_MCODE_1,CORUM,33,CORUM:711,Brm-associated complex,,-8.5,9.2e+02,52,30244,9,11,3,27,13,6598|6601|6605,SMARCB1|SMARCC2|SMARCE1,-6.1
MyList_SUB1_MCODE_1,CORUM,33,CORUM:3065,"RNA polymerase II complex, chromatin structure modifying",,-8.5,9.2e+02,52,30244,9,11,3,27,13,6598|6601|6605,SMARCB1|SMARCC2|SMARCE1,-6.1
MyList_SUB1_MCODE_1,CORUM,33,CORUM:1238,PBAF complex (Polybromo- and BAF containing complex),,-8.5,9.2e+02,52,30244,9,11,3,27,13,6598|6601|6605,SMARCB1|SMARCC2|SMARCE1,-6.1
MyList_SUB1_MCODE_1,CORUM,33,CORUM:149,PBAF complex (Polybromo- and BAF containing complex),,-8.4,8.2e+02,50,30244,10,11,3,27,13,6598|6601|6605,SMARCB1|SMARCC2|SMARCE1,-6
MyList_SUB1_MCODE_1,CORUM,33,CORUM:1239,EBAFb complex,,-8.4,8.2e+02,50,30244,10,11,3,27,13,6598|6601|6605,SMARCB1|SMARCC2|SMARCE1,-6
MyList_SUB1_MCODE_1,CORUM,33,CORUM:86,NUMAC complex (nucleosomal methylation activator complex),,-8.4,8.2e+02,50,30244,10,11,3,27,13,6598|6601|6605,SMARCB1|SMARCC2|SMARCE1,-6
MyList_SUB1_MCODE_1,CORUM,33,CORUM:808,BRM-associated complex,,-8.4,8.2e+02,50,30244,10,11,3,27,13,6598|6601|6605,SMARCB1|SMARCC2|SMARCE1,-6
MyList_SUB1_MCODE_1,CORUM,33,CORUM:1252,EBAFa complex,,-8.4,8.2e+02,50,30244,10,11,3,27,13,6598|6601|6605,SMARCB1|SMARCC2|SMARCE1,-6
MyList_SUB1_MCODE_1,CORUM,33,CORUM:554,PBAF complex (Polybromo- and BAF containing complex),,-8.4,8.2e+02,50,30244,10,11,3,27,13,6598|6601|6605,SMARCB1|SMARCC2|SMARCE1,-6
MyList_SUB1_MCODE_1,CORUM,33,CORUM:238,SWI-SNF chromatin remodeling-related-BRCA1 complex,,-8.4,8.2e+02,50,30244,10,11,3,27,13,6598|6601|6605,SMARCB1|SMARCC2|SMARCE1,-6
MyList_SUB1_MCODE_1,CORUM,33,CORUM:803,BRG1-SIN3A-HDAC containing SWI/SNF remodeling complex I,,-8.2,7.5e+02,47,30244,11,11,3,27,13,6598|6601|6605,SMARCB1|SMARCC2|SMARCE1,-5.9
MyList_SUB1_MCODE_1,CORUM,33,CORUM:806,BRM-SIN3A-HDAC complex,,-8.1,6.9e+02,45,30244,12,11,3,27,13,6598|6601|6605,SMARCB1|SMARCC2|SMARCE1,-5.8
MyList_SUB1_MCODE_1,CORUM,33,CORUM:189,BAF complex,,-8,6.3e+02,44,30244,13,11,3,27,13,6598|6601|6605,SMARCB1|SMARCC2|SMARCE1,-5.7
MyList_SUB1_MCODE_1,CORUM,33,CORUM:1230,WINAC complex,,-7.9,5.9e+02,42,30244,14,11,3,27,13,6598|6601|6605,SMARCB1|SMARCC2|SMARCE1,-5.6
MyList_SUB1_MCODE_1,CORUM,33,CORUM:713,BRG1-SIN3A complex,,-7.9,5.9e+02,42,30244,14,11,3,27,13,6598|6601|6605,SMARCB1|SMARCC2|SMARCE1,-5.6
MyList_SUB1_MCODE_1,CORUM,33,CORUM:714,BRM-SIN3A complex,,-7.8,5.5e+02,41,30244,15,11,3,27,13,6598|6601|6605,SMARCB1|SMARCC2|SMARCE1,-5.5
MyList_SUB1_MCODE_1,GO Biological Processes,19,GO:0006337,nucleosome disassembly,19_GO:0009987 cellular process,-7.5,4.3e+02,36,30244,19,11,3,27,13,6598|6601|6605,SMARCB1|SMARCC2|SMARCE1,-5.3
MyList_SUB1_MCODE_1,GO Biological Processes,19,GO:0032986,protein-DNA complex disassembly,19_GO:0009987 cellular process,-7.3,3.9e+02,34,30244,21,11,3,27,13,6598|6601|6605,SMARCB1|SMARCC2|SMARCE1,-5.1
MyList_SUB1_MCODE_1,CORUM,33,CORUM:5614,Emerin complex 32,,-7.3,3.9e+02,34,30244,21,11,3,27,13,1108|6598|6601,CHD4|SMARCB1|SMARCC2,-5.1
MyList_SUB1_MCODE_1,GO Biological Processes,19,GO:0045582,positive regulation of T cell differentiation,19_GO:0002376 immune system process,-7.2,95,19,30244,116,11,4,36,15,6598|6601|6605|79576,SMARCB1|SMARCC2|SMARCE1|NKAP,-5
MyList_SUB1_MCODE_1,Reactome Gene Sets,6,R-HSA-8953854,Metabolism of RNA,,-7.1,23,11,30244,716,11,6,55,15,3184|5725|9939|24144|27339|79576,HNRNPD|PTBP1|RBM8A|TFIP11|PRPF19|NKAP,-5
MyList_SUB1_MCODE_1,GO Biological Processes,19,GO:0045621,positive regulation of lymphocyte differentiation,19_GO:0002376 immune system process,-7,85,18,30244,130,11,4,36,15,6598|6601|6605|79576,SMARCB1|SMARCC2|SMARCE1|NKAP,-4.8
MyList_SUB1_MCODE_1,GO Biological Processes,19,GO:2000819,regulation of nucleotide-excision repair,19_GO:0050896 response to stimulus,-6.9,2.9e+02,30,30244,28,11,3,27,13,6598|6601|6605,SMARCB1|SMARCC2|SMARCE1,-4.8
MyList_SUB1_MCODE_1,GO Biological Processes,19,GO:2000779,regulation of double-strand break repair,19_GO:0050896 response to stimulus,-6.9,82,18,30244,134,11,4,36,15,6598|6601|6605|24144,SMARCB1|SMARCC2|SMARCE1|TFIP11,-4.8
MyList_SUB1_MCODE_1,GO Biological Processes,19,GO:0032984,protein-containing complex disassembly,19_GO:0009987 cellular process,-6.9,80,18,30244,138,11,4,36,15,6598|6601|6605|24144,SMARCB1|SMARCC2|SMARCE1|TFIP11,-4.8
MyList_SUB1_MCODE_1,WikiPathways,27,WP4204,Tumor suppressor activity of SMARCB1,,-6.8,2.7e+02,28,30244,31,11,3,27,13,6598|6601|6605,SMARCB1|SMARCC2|SMARCE1,-4.7
MyList_SUB1_MCODE_1,GO Biological Processes,19,GO:0010720,positive regulation of cell development,19_GO:0032502 developmental process,-6.6,31,12,30244,442,11,5,45,15,6598|6601|6605|27339|79576,SMARCB1|SMARCC2|SMARCE1|PRPF19|NKAP,-4.5
MyList_SUB1_MCODE_1,Reactome Gene Sets,6,R-HSA-8939243,RUNX1 interacts with co-factors whose precise effect on RUNX1 targets is not known,,-6.5,2.2e+02,25,30244,38,11,3,27,13,6598|6601|6605,SMARCB1|SMARCC2|SMARCE1,-4.4
MyList_SUB1_MCODE_1,GO Biological Processes,19,GO:0070316,regulation of G0 to G1 transition,19_GO:0050789 regulation of biological process,-6.5,2.1e+02,25,30244,39,11,3,27,13,6598|6601|6605,SMARCB1|SMARCC2|SMARCE1,-4.4
MyList_SUB1_MCODE_1,GO Biological Processes,19,GO:0045580,regulation of T cell differentiation,19_GO:0002376 immune system process,-6.4,61,15,30244,180,11,4,36,15,6598|6601|6605|79576,SMARCB1|SMARCC2|SMARCE1|NKAP,-4.3
MyList_SUB1_MCODE_1,GO Biological Processes,19,GO:0045663,positive regulation of myoblast differentiation,19_GO:0032502 developmental process,-6.4,1.9e+02,24,30244,43,11,3,27,13,6598|6601|6605,SMARCB1|SMARCC2|SMARCE1,-4.3
MyList_SUB1_MCODE_1,GO Biological Processes,19,GO:1902107,positive regulation of leukocyte differentiation,19_GO:0002376 immune system process,-6.4,59,15,30244,186,11,4,36,15,6598|6601|6605|79576,SMARCB1|SMARCC2|SMARCE1|NKAP,-4.3
MyList_SUB1_MCODE_1,GO Biological Processes,19,GO:1903708,positive regulation of hemopoiesis,19_GO:0002376 immune system process,-6.4,59,15,30244,186,11,4,36,15,6598|6601|6605|79576,SMARCB1|SMARCC2|SMARCE1|NKAP,-4.3
MyList_SUB1_MCODE_1,GO Biological Processes,19,GO:0051052,regulation of DNA metabolic process,19_GO:0008152 metabolic process,-6.2,26,11,30244,533,11,5,45,15,3184|6598|6601|6605|24144,HNRNPD|SMARCB1|SMARCC2|SMARCE1|TFIP11,-4.1
MyList_SUB1_MCODE_1,GO Biological Processes,19,GO:0045619,regulation of lymphocyte differentiation,19_GO:0002376 immune system process,-6.1,52,14,30244,212,11,4,36,15,6598|6601|6605|79576,SMARCB1|SMARCC2|SMARCE1|NKAP,-4.1
MyList_SUB1_MCODE_1,GO Biological Processes,19,GO:0006282,regulation of DNA repair,19_GO:0050896 response to stimulus,-6.1,51,14,30244,215,11,4,36,15,6598|6601|6605|24144,SMARCB1|SMARCC2|SMARCE1|TFIP11,-4.1
MyList_SUB1_MCODE_1,GO Biological Processes,19,GO:0033044,regulation of chromosome organization,19_GO:0050789 regulation of biological process,-5.9,44,13,30244,248,11,4,36,15,3184|6598|6601|6605,HNRNPD|SMARCB1|SMARCC2|SMARCE1,-3.8
MyList_SUB1_MCODE_1,GO Biological Processes,19,GO:0050870,positive regulation of T cell activation,19_GO:0002376 immune system process,-5.8,44,13,30244,249,11,4,36,15,6598|6601|6605|79576,SMARCB1|SMARCC2|SMARCE1|NKAP,-3.8
MyList_SUB1_MCODE_1,Reactome Gene Sets,6,R-HSA-4839726,Chromatin organization,,-5.7,40,12,30244,272,11,4,36,15,1108|6598|6601|6605,CHD4|SMARCB1|SMARCC2|SMARCE1,-3.7
MyList_SUB1_MCODE_1,Reactome Gene Sets,6,R-HSA-3247509,Chromatin modifying enzymes,,-5.7,40,12,30244,272,11,4,36,15,1108|6598|6601|6605,CHD4|SMARCB1|SMARCC2|SMARCE1,-3.7
MyList_SUB1_MCODE_1,GO Biological Processes,19,GO:1903039,positive regulation of leukocyte cell-cell adhesion,19_GO:0048518 positive regulation of biological process,-5.7,40,12,30244,273,11,4,36,15,6598|6601|6605|79576,SMARCB1|SMARCC2|SMARCE1|NKAP,-3.7
MyList_SUB1_MCODE_1,GO Biological Processes,19,GO:0045661,regulation of myoblast differentiation,19_GO:0032502 developmental process,-5.7,1.1e+02,18,30244,73,11,3,27,13,6598|6601|6605,SMARCB1|SMARCC2|SMARCE1,-3.7
MyList_SUB1_MCODE_1,Reactome Gene Sets,6,R-HSA-3214858,RMTs methylate histone arginines,,-5.6,1.1e+02,18,30244,78,11,3,27,13,6598|6601|6605,SMARCB1|SMARCC2|SMARCE1,-3.6
MyList_SUB1_MCODE_1,GO Biological Processes,19,GO:0051054,positive regulation of DNA metabolic process,19_GO:0048518 positive regulation of biological process,-5.5,36,12,30244,302,11,4,36,15,3184|6598|6601|6605,HNRNPD|SMARCB1|SMARCC2|SMARCE1,-3.5
MyList_SUB1_MCODE_1,GO Biological Processes,19,GO:2000781,positive regulation of double-strand break repair,19_GO:0048518 positive regulation of biological process,-5.5,97,17,30244,85,11,3,27,13,6598|6601|6605,SMARCB1|SMARCC2|SMARCE1,-3.5
MyList_SUB1_MCODE_1,GO Biological Processes,19,GO:0022409,positive regulation of cell-cell adhesion,19_GO:0048518 positive regulation of biological process,-5.4,34,11,30244,321,11,4,36,15,6598|6601|6605|79576,SMARCB1|SMARCC2|SMARCE1|NKAP,-3.4
MyList_SUB1_MCODE_1,GO Biological Processes,19,GO:0022411,cellular component disassembly,19_GO:0009987 cellular process,-5.4,34,11,30244,321,11,4,36,15,6598|6601|6605|24144,SMARCB1|SMARCC2|SMARCE1|TFIP11,-3.4
MyList_SUB1_MCODE_1,GO Biological Processes,19,GO:1902105,regulation of leukocyte differentiation,19_GO:0002376 immune system process,-5.4,34,11,30244,322,11,4,36,15,6598|6601|6605|79576,SMARCB1|SMARCC2|SMARCE1|NKAP,-3.4
MyList_SUB1_MCODE_1,GO Biological Processes,19,GO:0030071,regulation of mitotic metaphase/anaphase transition,19_GO:0050789 regulation of biological process,-5.4,92,16,30244,90,11,3,27,13,6598|6601|6605,SMARCB1|SMARCC2|SMARCE1,-3.4
MyList_SUB1_MCODE_1,GO Biological Processes,19,GO:0051251,positive regulation of lymphocyte activation,19_GO:0002376 immune system process,-5.4,34,11,30244,327,11,4,36,15,6598|6601|6605|79576,SMARCB1|SMARCC2|SMARCE1|NKAP,-3.4
MyList_SUB1_MCODE_1,GO Biological Processes,19,GO:1902099,regulation of metaphase/anaphase transition of cell cycle,19_GO:0050789 regulation of biological process,-5.3,89,16,30244,93,11,3,27,13,6598|6601|6605,SMARCB1|SMARCC2|SMARCE1,-3.4
MyList_SUB1_MCODE_1,GO Biological Processes,19,GO:1903311,regulation of mRNA metabolic process,19_GO:0008152 metabolic process,-5.3,31,11,30244,351,11,4,36,15,3184|5725|9939|27339,HNRNPD|PTBP1|RBM8A|PRPF19,-3.3
MyList_SUB1_MCODE_1,GO Biological Processes,19,GO:0033045,regulation of sister chromatid segregation,19_GO:0050789 regulation of biological process,-5.2,79,15,30244,104,11,3,27,13,6598|6601|6605,SMARCB1|SMARCC2|SMARCE1,-3.2
MyList_SUB1_MCODE_1,GO Biological Processes,19,GO:0048024,"regulation of mRNA splicing, via spliceosome",19_GO:0008152 metabolic process,-5.1,76,15,30244,108,11,3,27,13,5725|9939|27339,PTBP1|RBM8A|PRPF19,-3.2
MyList_SUB1_MCODE_1,WikiPathways,27,WP4321,Thermogenesis,,-5.1,76,15,30244,108,11,3,27,13,6598|6601|6605,SMARCB1|SMARCC2|SMARCE1,-3.2
MyList_SUB1_MCODE_1,GO Biological Processes,19,GO:0002696,positive regulation of leukocyte activation,19_GO:0002376 immune system process,-5.1,29,10,30244,378,11,4,36,15,6598|6601|6605|79576,SMARCB1|SMARCC2|SMARCE1|NKAP,-3.2
MyList_SUB1_MCODE_1,GO Biological Processes,19,GO:0050863,regulation of T cell activation,19_GO:0002376 immune system process,-5.1,29,10,30244,378,11,4,36,15,6598|6601|6605|79576,SMARCB1|SMARCC2|SMARCE1|NKAP,-3.2
MyList_SUB1_MCODE_1,GO Biological Processes,19,GO:1903037,regulation of leukocyte cell-cell adhesion,19_GO:0050789 regulation of biological process,-5.1,29,10,30244,379,11,4,36,15,6598|6601|6605|79576,SMARCB1|SMARCC2|SMARCE1|NKAP,-3.2
MyList_SUB1_MCODE_1,GO Biological Processes,19,GO:0050867,positive regulation of cell activation,19_GO:0048518 positive regulation of biological process,-5.1,28,10,30244,395,11,4,36,15,6598|6601|6605|79576,SMARCB1|SMARCC2|SMARCE1|NKAP,-3.1
MyList_SUB1_MCODE_1,GO Biological Processes,19,GO:0008380,RNA splicing,19_GO:0008152 metabolic process,-5,27,10,30244,407,11,4,36,15,5725|9939|24144|27339,PTBP1|RBM8A|TFIP11|PRPF19,-3.1
MyList_SUB1_MCODE_1,GO Biological Processes,19,GO:1903706,regulation of hemopoiesis,19_GO:0002376 immune system process,-5,26,9.9,30244,418,11,4,36,15,6598|6601|6605|79576,SMARCB1|SMARCC2|SMARCE1|NKAP,-3
MyList_SUB1_MCODE_1,GO Biological Processes,19,GO:0045739,positive regulation of DNA repair,19_GO:0048518 positive regulation of biological process,-4.9,64,14,30244,128,11,3,27,13,6598|6601|6605,SMARCB1|SMARCC2|SMARCE1,-3
MyList_SUB1_MCODE_1,GO Biological Processes,19,GO:0051983,regulation of chromosome segregation,19_GO:0050789 regulation of biological process,-4.9,63,14,30244,131,11,3,27,13,6598|6601|6605,SMARCB1|SMARCC2|SMARCE1,-3
MyList_SUB1_MCODE_1,GO Biological Processes,19,GO:0034728,nucleosome organization,19_GO:0009987 cellular process,-4.8,60,13,30244,138,11,3,27,13,6598|6601|6605,SMARCB1|SMARCC2|SMARCE1,-2.9
MyList_SUB1_MCODE_1,GO Biological Processes,19,GO:0050684,regulation of mRNA processing,19_GO:0008152 metabolic process,-4.8,59,13,30244,139,11,3,27,13,5725|9939|27339,PTBP1|RBM8A|PRPF19,-2.9
MyList_SUB1_MCODE_1,GO Biological Processes,19,GO:1901987,regulation of cell cycle phase transition,19_GO:0050789 regulation of biological process,-4.8,24,9.5,30244,456,11,4,36,15,6598|6601|6605|27339,SMARCB1|SMARCC2|SMARCE1|PRPF19,-2.9
MyList_SUB1_MCODE_1,GO Biological Processes,19,GO:0045785,positive regulation of cell adhesion,19_GO:0048518 positive regulation of biological process,-4.7,23,9.2,30244,482,11,4,36,15,6598|6601|6605|79576,SMARCB1|SMARCC2|SMARCE1|NKAP,-2.8
MyList_SUB1_MCODE_1,GO Biological Processes,19,GO:0006397,mRNA processing,19_GO:0008152 metabolic process,-4.7,22,9.1,30244,489,11,4,36,15,5725|9939|24144|27339,PTBP1|RBM8A|TFIP11|PRPF19,-2.8
MyList_SUB1_MCODE_1,GO Biological Processes,19,GO:0022407,regulation of cell-cell adhesion,19_GO:0050789 regulation of biological process,-4.7,22,9.1,30244,492,11,4,36,15,6598|6601|6605|79576,SMARCB1|SMARCC2|SMARCE1|NKAP,-2.8
MyList_SUB1_MCODE_1,GO Biological Processes,19,GO:0051249,regulation of lymphocyte activation,19_GO:0002376 immune system process,-4.6,22,9,30244,504,11,4,36,15,6598|6601|6605|79576,SMARCB1|SMARCC2|SMARCE1|NKAP,-2.7
MyList_SUB1_MCODE_1,KEGG Pathway,24,hsa05225,Hepatocellular carcinoma,,-4.6,49,12,30244,168,11,3,27,13,6598|6601|6605,SMARCB1|SMARCC2|SMARCE1,-2.7
MyList_SUB1_MCODE_1,GO Biological Processes,19,GO:0043484,regulation of RNA splicing,19_GO:0008152 metabolic process,-4.5,45,11,30244,183,11,3,27,13,5725|9939|27339,PTBP1|RBM8A|PRPF19,-2.6
MyList_SUB1_MCODE_1,GO Biological Processes,19,GO:2000045,regulation of G1/S transition of mitotic cell cycle,19_GO:0050789 regulation of biological process,-4.4,45,11,30244,185,11,3,27,13,6598|6601|6605,SMARCB1|SMARCC2|SMARCE1,-2.6
MyList_SUB1_MCODE_1,GO Biological Processes,19,GO:0002694,regulation of leukocyte activation,19_GO:0002376 immune system process,-4.3,18,8.2,30244,600,11,4,36,15,6598|6601|6605|79576,SMARCB1|SMARCC2|SMARCE1|NKAP,-2.5
MyList_SUB1_MCODE_1,GO Biological Processes,19,GO:0006338,chromatin remodeling,19_GO:0009987 cellular process,-4.3,18,8.1,30244,609,11,4,36,15,1108|6598|6601|6605,CHD4|SMARCB1|SMARCC2|SMARCE1,-2.5
MyList_SUB1_MCODE_1,GO Biological Processes,19,GO:1902806,regulation of cell cycle G1/S phase transition,19_GO:0050789 regulation of biological process,-4.3,39,11,30244,212,11,3,27,13,6598|6601|6605,SMARCB1|SMARCC2|SMARCE1,-2.4
MyList_SUB1_MCODE_1,GO Biological Processes,19,GO:0016071,mRNA metabolic process,19_GO:0008152 metabolic process,-4.2,17,7.8,30244,649,11,4,36,15,5725|9939|24144|27339,PTBP1|RBM8A|TFIP11|PRPF19,-2.4
MyList_SUB1_MCODE_1,GO Biological Processes,19,GO:0050865,regulation of cell activation,19_GO:0032501 multicellular organismal process,-4.2,17,7.8,30244,657,11,4,36,15,6598|6601|6605|79576,SMARCB1|SMARCC2|SMARCE1|NKAP,-2.3
MyList_SUB1_MCODE_1,KEGG Pathway,24,hsa04714,Thermogenesis,,-4.2,36,10,30244,232,11,3,27,13,6598|6601|6605,SMARCB1|SMARCC2|SMARCE1,-2.3
MyList_SUB1_MCODE_1,Reactome Gene Sets,6,R-HSA-8878171,Transcriptional regulation by RUNX1,,-4.1,35,10,30244,237,11,3,27,13,6598|6601|6605,SMARCB1|SMARCC2|SMARCE1,-2.3
MyList_SUB1_MCODE_1,GO Biological Processes,19,GO:0080135,regulation of cellular response to stress,19_GO:0050896 response to stimulus,-4.1,16,7.5,30244,700,11,4,36,15,6598|6601|6605|24144,SMARCB1|SMARCC2|SMARCE1|TFIP11,-2.2
MyList_SUB1_MCODE_1,GO Biological Processes,19,GO:0010564,regulation of cell cycle process,19_GO:0050789 regulation of biological process,-4,15,7.2,30244,746,11,4,36,15,6598|6601|6605|27339,SMARCB1|SMARCC2|SMARCE1|PRPF19,-2.1
MyList_SUB1_MCODE_1,GO Biological Processes,19,GO:0006325,chromatin organization,19_GO:0009987 cellular process,-4,15,7.2,30244,748,11,4,36,15,1108|6598|6601|6605,CHD4|SMARCB1|SMARCC2|SMARCE1,-2.1
MyList_SUB1_MCODE_1,GO Biological Processes,19,GO:0000398,"mRNA splicing, via spliceosome",19_GO:0008152 metabolic process,-3.9,30,9.3,30244,272,11,3,27,13,9939|24144|27339,RBM8A|TFIP11|PRPF19,-2.1
MyList_SUB1_MCODE_1,GO Biological Processes,19,GO:0000377,"RNA splicing, via transesterification reactions with bulged adenosine as nucleophile",19_GO:0008152 metabolic process,-3.9,30,9.3,30244,272,11,3,27,13,9939|24144|27339,RBM8A|TFIP11|PRPF19,-2.1
MyList_SUB1_MCODE_1,GO Biological Processes,19,GO:0000375,"RNA splicing, via transesterification reactions",19_GO:0008152 metabolic process,-3.9,30,9.2,30244,276,11,3,27,13,9939|24144|27339,RBM8A|TFIP11|PRPF19,-2.1
MyList_SUB1_MCODE_1,GO Biological Processes,19,GO:0006259,DNA metabolic process,19_GO:0008152 metabolic process,-3.9,14,7.1,30244,780,11,4,36,15,1108|6598|24144|27339,CHD4|SMARCB1|TFIP11|PRPF19,-2.1
MyList_SUB1_MCODE_1,GO Biological Processes,19,GO:1901990,regulation of mitotic cell cycle phase transition,19_GO:0050789 regulation of biological process,-3.6,23,8,30244,355,11,3,27,13,6598|6601|6605,SMARCB1|SMARCC2|SMARCE1,-1.8
MyList_SUB1_MCODE_1,GO Biological Processes,19,GO:0007346,regulation of mitotic cell cycle,19_GO:0050789 regulation of biological process,-3.1,16,6.5,30244,518,11,3,27,13,6598|6601|6605,SMARCB1|SMARCC2|SMARCE1,-1.3
MyList_SUB1_MCODE_1,GO Biological Processes,19,GO:0006974,DNA damage response,19_GO:0050896 response to stimulus,-2.7,11,5.3,30244,753,11,3,27,13,1108|24144|27339,CHD4|TFIP11|PRPF19,-0.88
MyList_SUB1_MCODE_2,GO Biological Processes,19,GO:0006397,mRNA processing,19_GO:0008152 metabolic process,-11,62,19,30244,489,6,6,1e+02,15,5411|5930|9716|10921|22938|22985,PNN|RBBP6|AQR|RNPS1|SNW1|ACIN1,-7.6
MyList_SUB1_MCODE_2,Reactome Gene Sets,6,R-HSA-72163,mRNA Splicing - Major Pathway,,-10,1.2e+02,25,30244,207,6,5,83,15,5411|9716|10921|22938|22985,PNN|AQR|RNPS1|SNW1|ACIN1,-7.2
MyList_SUB1_MCODE_2,GO Biological Processes,19,GO:0016071,mRNA metabolic process,19_GO:0008152 metabolic process,-10,47,17,30244,649,6,6,1e+02,15,5411|5930|9716|10921|22938|22985,PNN|RBBP6|AQR|RNPS1|SNW1|ACIN1,-7.2
MyList_SUB1_MCODE_2,Reactome Gene Sets,6,R-HSA-72172,mRNA Splicing,,-10,1.2e+02,24,30244,215,6,5,83,15,5411|9716|10921|22938|22985,PNN|AQR|RNPS1|SNW1|ACIN1,-7.2
MyList_SUB1_MCODE_2,Reactome Gene Sets,6,R-HSA-72203,Processing of Capped Intron-Containing Pre-mRNA,,-9.4,88,21,30244,285,6,5,83,15,5411|9716|10921|22938|22985,PNN|AQR|RNPS1|SNW1|ACIN1,-6.8
MyList_SUB1_MCODE_2,GO Biological Processes,19,GO:0008380,RNA splicing,19_GO:0008152 metabolic process,-8.6,62,17,30244,407,6,5,83,15,5411|9716|10921|22938|22985,PNN|AQR|RNPS1|SNW1|ACIN1,-6.1
MyList_SUB1_MCODE_2,CORUM,33,CORUM:351,Spliceosome,,-8.2,1.4e+02,24,30244,141,6,4,67,19,9716|10921|22938|22985,AQR|RNPS1|SNW1|ACIN1,-5.8
MyList_SUB1_MCODE_2,Reactome Gene Sets,6,R-HSA-8953854,Metabolism of RNA,,-7.4,35,13,30244,716,6,5,83,15,5411|9716|10921|22938|22985,PNN|AQR|RNPS1|SNW1|ACIN1,-5.2
MyList_SUB1_MCODE_2,GO Biological Processes,19,GO:0000377,"RNA splicing, via transesterification reactions with bulged adenosine as nucleophile",19_GO:0008152 metabolic process,-7,74,17,30244,272,6,4,67,19,5411|9716|10921|22938,PNN|AQR|RNPS1|SNW1,-4.9
MyList_SUB1_MCODE_2,GO Biological Processes,19,GO:0000398,"mRNA splicing, via spliceosome",19_GO:0008152 metabolic process,-7,74,17,30244,272,6,4,67,19,5411|9716|10921|22938,PNN|AQR|RNPS1|SNW1,-4.9
MyList_SUB1_MCODE_2,GO Biological Processes,19,GO:0000375,"RNA splicing, via transesterification reactions",19_GO:0008152 metabolic process,-7,73,17,30244,276,6,4,67,19,5411|9716|10921|22938,PNN|AQR|RNPS1|SNW1,-4.9
MyList_SUB1_MCODE_2,CORUM,33,CORUM:1181,C complex spliceosome,,-6.5,1.9e+02,24,30244,79,6,3,50,20,5411|9716|22938,PNN|AQR|SNW1,-4.4
MyList_SUB1_MCODE_2,KEGG Pathway,24,hsa03015,mRNA surveillance pathway,,-6.2,1.6e+02,22,30244,97,6,3,50,20,5411|10921|22985,PNN|RNPS1|ACIN1,-4.1
MyList_SUB1_MCODE_2,KEGG Pathway,24,hsa03013,Nucleocytoplasmic transport,,-6.1,1.4e+02,20,30244,108,6,3,50,20,5411|10921|22985,PNN|RNPS1|ACIN1,-4
MyList_SUB1_MCODE_2,KEGG Pathway,24,hsa03040,Spliceosome,,-5.6,97,17,30244,156,6,3,50,20,9716|22938|22985,AQR|SNW1|ACIN1,-3.6
